-- phpMyAdmin SQL Dump
-- version 5.1.1
-- https://www.phpmyadmin.net/
--
-- Host: 127.0.0.1
-- Generation Time: Jan 08, 2022 at 12:05 PM
-- Server version: 10.4.22-MariaDB
-- PHP Version: 8.1.1

SET SQL_MODE = "NO_AUTO_VALUE_ON_ZERO";
START TRANSACTION;
SET time_zone = "+00:00";


/*!40101 SET @OLD_CHARACTER_SET_CLIENT=@@CHARACTER_SET_CLIENT */;
/*!40101 SET @OLD_CHARACTER_SET_RESULTS=@@CHARACTER_SET_RESULTS */;
/*!40101 SET @OLD_COLLATION_CONNECTION=@@COLLATION_CONNECTION */;
/*!40101 SET NAMES utf8mb4 */;

--
-- Database: `medicloud`
--

-- --------------------------------------------------------

--
-- Table structure for table `appointments`
--

CREATE TABLE `appointments` (
  `appointment_id` int(11) NOT NULL,
  `appointment_date` datetime DEFAULT NULL,
  `appointment_taken_by_id` int(11) DEFAULT NULL,
  `appointment_taken_from_id` int(11) DEFAULT NULL,
  `appointment_comment` text DEFAULT NULL
) ENGINE=InnoDB DEFAULT CHARSET=utf8mb4;

-- --------------------------------------------------------

--
-- Table structure for table `blood_tests_taken`
--

CREATE TABLE `blood_tests_taken` (
  `blood_tests_taken_id` int(11) NOT NULL,
  `blood_tests_component_id` int(11) DEFAULT NULL,
  `blood_tests_component_value` int(11) DEFAULT NULL,
  `blood_tests_taken_from_id` int(11) DEFAULT NULL,
  `blood_tests_taken_by_id` int(11) DEFAULT NULL,
  `blood_tests_taken_date` date DEFAULT NULL
) ENGINE=InnoDB DEFAULT CHARSET=utf8mb4;

--
-- Dumping data for table `blood_tests_taken`
--

INSERT INTO `blood_tests_taken` (`blood_tests_taken_id`, `blood_tests_component_id`, `blood_tests_component_value`, `blood_tests_taken_from_id`, `blood_tests_taken_by_id`, `blood_tests_taken_date`) VALUES
(2, 1, 6081, 1, 1, '2021-12-01'),
(3, 1, 6281, 2, 1, '2021-12-01'),
(4, 1, 6536, 3, 1, '2021-12-01'),
(5, 1, 8286, 4, 1, '2021-12-01'),
(6, 1, 8320, 5, 1, '2021-12-01'),
(7, 1, 11861, 6, 1, '2021-12-01'),
(8, 1, 8179, 7, 1, '2021-12-01'),
(9, 1, 7670, 8, 1, '2021-12-01'),
(10, 1, 9566, 9, 1, '2021-12-01'),
(11, 1, 10361, 10, 1, '2021-12-01'),
(12, 1, 12595, 11, 1, '2021-12-01'),
(13, 1, 9712, 12, 1, '2021-12-01'),
(14, 1, 5046, 13, 1, '2021-12-01'),
(15, 1, 9644, 14, 1, '2021-12-01'),
(16, 1, 11218, 15, 1, '2021-12-01'),
(17, 1, 8792, 16, 1, '2021-12-01'),
(18, 1, 9795, 17, 1, '2021-12-01'),
(19, 1, 5959, 18, 1, '2021-12-01'),
(20, 1, 4566, 19, 1, '2021-12-01'),
(21, 1, 6513, 20, 1, '2021-12-01'),
(22, 1, 6681, 21, 1, '2021-12-01'),
(23, 1, 11561, 22, 1, '2021-12-01'),
(24, 1, 10615, 23, 1, '2021-12-01'),
(25, 1, 9134, 24, 1, '2021-12-01'),
(26, 1, 6869, 25, 1, '2021-12-01'),
(27, 1, 6039, 26, 1, '2021-12-01'),
(28, 1, 5787, 27, 1, '2021-12-01'),
(29, 1, 11188, 28, 1, '2021-12-01'),
(30, 1, 9656, 29, 1, '2021-12-01'),
(31, 1, 9833, 30, 1, '2021-12-01'),
(32, 1, 6787, 31, 1, '2021-12-01'),
(33, 1, 9695, 32, 1, '2021-12-01'),
(34, 1, 12562, 33, 1, '2021-12-01'),
(35, 1, 11585, 34, 1, '2021-12-01'),
(36, 1, 11595, 35, 1, '2021-12-01'),
(37, 1, 6258, 36, 1, '2021-12-01'),
(38, 1, 7704, 37, 1, '2021-12-01'),
(39, 1, 12800, 38, 1, '2021-12-01'),
(40, 1, 11028, 39, 1, '2021-12-01'),
(41, 1, 9102, 40, 1, '2021-12-01'),
(42, 1, 5131, 41, 1, '2021-12-01'),
(43, 1, 12970, 42, 1, '2021-12-01'),
(44, 1, 5388, 43, 1, '2021-12-01'),
(45, 1, 6595, 44, 1, '2021-12-01'),
(46, 1, 6268, 45, 1, '2021-12-01'),
(47, 1, 8721, 46, 1, '2021-12-01'),
(48, 1, 11173, 47, 1, '2021-12-01'),
(49, 1, 12292, 48, 1, '2021-12-01'),
(50, 1, 4480, 49, 1, '2021-12-01'),
(51, 1, 11588, 50, 1, '2021-12-01'),
(52, 1, 9623, 51, 1, '2021-12-01'),
(53, 1, 6722, 52, 1, '2021-12-01'),
(54, 1, 9494, 53, 1, '2021-12-01'),
(55, 1, 8719, 54, 1, '2021-12-01'),
(56, 1, 5093, 55, 1, '2021-12-01'),
(57, 1, 8783, 56, 1, '2021-12-01'),
(58, 1, 7454, 57, 1, '2021-12-01'),
(59, 1, 9317, 58, 1, '2021-12-01'),
(60, 1, 8623, 59, 1, '2021-12-01'),
(61, 1, 4547, 60, 1, '2021-12-01'),
(62, 1, 7512, 61, 1, '2021-12-01'),
(63, 1, 10429, 62, 1, '2021-12-01'),
(64, 1, 11977, 63, 1, '2021-12-01'),
(65, 1, 6944, 64, 1, '2021-12-01'),
(66, 1, 8957, 65, 1, '2021-12-01'),
(67, 1, 10128, 66, 1, '2021-12-01'),
(68, 1, 9928, 67, 1, '2021-12-01'),
(69, 1, 5039, 68, 1, '2021-12-01'),
(70, 1, 12041, 69, 1, '2021-12-01'),
(71, 1, 6705, 70, 1, '2021-12-01'),
(72, 1, 12186, 71, 1, '2021-12-01'),
(73, 1, 9870, 72, 1, '2021-12-01'),
(74, 1, 8401, 73, 1, '2021-12-01'),
(75, 1, 12281, 74, 1, '2021-12-01'),
(76, 1, 4887, 75, 1, '2021-12-01'),
(77, 1, 9173, 76, 1, '2021-12-01'),
(78, 1, 6754, 77, 1, '2021-12-01'),
(79, 1, 8311, 78, 1, '2021-12-01'),
(80, 1, 7575, 79, 1, '2021-12-01'),
(81, 1, 10056, 80, 1, '2021-12-01'),
(82, 1, 5862, 81, 1, '2021-12-01'),
(83, 1, 6361, 82, 1, '2021-12-01'),
(84, 1, 11116, 83, 1, '2021-12-01'),
(85, 1, 8695, 84, 1, '2021-12-01'),
(86, 1, 8625, 85, 1, '2021-12-01'),
(87, 1, 6583, 86, 1, '2021-12-01'),
(88, 1, 10947, 87, 1, '2021-12-01'),
(89, 1, 5492, 88, 1, '2021-12-01'),
(90, 1, 9057, 89, 1, '2021-12-01'),
(91, 1, 10815, 90, 1, '2021-12-01'),
(92, 1, 8751, 91, 1, '2021-12-01'),
(93, 1, 11238, 92, 1, '2021-12-01'),
(94, 1, 4237, 93, 1, '2021-12-01'),
(95, 1, 5383, 94, 1, '2021-12-01'),
(96, 1, 11543, 95, 1, '2021-12-01'),
(97, 1, 7915, 96, 1, '2021-12-01'),
(98, 1, 9439, 97, 1, '2021-12-01'),
(99, 1, 7950, 98, 1, '2021-12-01'),
(100, 1, 10848, 99, 1, '2021-12-01'),
(101, 1, 5611, 100, 1, '2021-12-01'),
(102, 1, 4525, 101, 1, '2021-12-01'),
(103, 2, 7, 1, 1, '2021-12-01'),
(104, 2, 5, 2, 1, '2021-12-01'),
(105, 2, 7, 3, 1, '2021-12-01'),
(106, 2, 7, 4, 1, '2021-12-01'),
(107, 2, 7, 5, 1, '2021-12-01'),
(108, 2, 3, 6, 1, '2021-12-01'),
(109, 2, 4, 7, 1, '2021-12-01'),
(110, 2, 7, 8, 1, '2021-12-01'),
(111, 2, 7, 9, 1, '2021-12-01'),
(112, 2, 4, 10, 1, '2021-12-01'),
(113, 2, 5, 11, 1, '2021-12-01'),
(114, 2, 6, 12, 1, '2021-12-01'),
(115, 2, 4, 13, 1, '2021-12-01'),
(116, 2, 6, 14, 1, '2021-12-01'),
(117, 2, 4, 15, 1, '2021-12-01'),
(118, 2, 6, 16, 1, '2021-12-01'),
(119, 2, 3, 17, 1, '2021-12-01'),
(120, 2, 5, 18, 1, '2021-12-01'),
(121, 2, 7, 19, 1, '2021-12-01'),
(122, 2, 7, 20, 1, '2021-12-01'),
(123, 2, 7, 21, 1, '2021-12-01'),
(124, 2, 5, 22, 1, '2021-12-01'),
(125, 2, 5, 23, 1, '2021-12-01'),
(126, 2, 4, 24, 1, '2021-12-01'),
(127, 2, 7, 25, 1, '2021-12-01'),
(128, 2, 5, 26, 1, '2021-12-01'),
(129, 2, 5, 27, 1, '2021-12-01'),
(130, 2, 5, 28, 1, '2021-12-01'),
(131, 2, 5, 29, 1, '2021-12-01'),
(132, 2, 5, 30, 1, '2021-12-01'),
(133, 2, 6, 31, 1, '2021-12-01'),
(134, 2, 7, 32, 1, '2021-12-01'),
(135, 2, 7, 33, 1, '2021-12-01'),
(136, 2, 5, 34, 1, '2021-12-01'),
(137, 2, 3, 35, 1, '2021-12-01'),
(138, 2, 5, 36, 1, '2021-12-01'),
(139, 2, 6, 37, 1, '2021-12-01'),
(140, 2, 4, 38, 1, '2021-12-01'),
(141, 2, 5, 39, 1, '2021-12-01'),
(142, 2, 3, 40, 1, '2021-12-01'),
(143, 2, 4, 41, 1, '2021-12-01'),
(144, 2, 4, 42, 1, '2021-12-01'),
(145, 2, 3, 43, 1, '2021-12-01'),
(146, 2, 3, 44, 1, '2021-12-01'),
(147, 2, 4, 45, 1, '2021-12-01'),
(148, 2, 4, 46, 1, '2021-12-01'),
(149, 2, 3, 47, 1, '2021-12-01'),
(150, 2, 6, 48, 1, '2021-12-01'),
(151, 2, 7, 49, 1, '2021-12-01'),
(152, 2, 4, 50, 1, '2021-12-01'),
(153, 2, 5, 51, 1, '2021-12-01'),
(154, 2, 3, 52, 1, '2021-12-01'),
(155, 2, 4, 53, 1, '2021-12-01'),
(156, 2, 3, 54, 1, '2021-12-01'),
(157, 2, 6, 55, 1, '2021-12-01'),
(158, 2, 7, 56, 1, '2021-12-01'),
(159, 2, 5, 57, 1, '2021-12-01'),
(160, 2, 5, 58, 1, '2021-12-01'),
(161, 2, 7, 59, 1, '2021-12-01'),
(162, 2, 4, 60, 1, '2021-12-01'),
(163, 2, 5, 61, 1, '2021-12-01'),
(164, 2, 3, 62, 1, '2021-12-01'),
(165, 2, 3, 63, 1, '2021-12-01'),
(166, 2, 7, 64, 1, '2021-12-01'),
(167, 2, 7, 65, 1, '2021-12-01'),
(168, 2, 5, 66, 1, '2021-12-01'),
(169, 2, 3, 67, 1, '2021-12-01'),
(170, 2, 4, 68, 1, '2021-12-01'),
(171, 2, 6, 69, 1, '2021-12-01'),
(172, 2, 3, 70, 1, '2021-12-01'),
(173, 2, 4, 71, 1, '2021-12-01'),
(174, 2, 7, 72, 1, '2021-12-01'),
(175, 2, 3, 73, 1, '2021-12-01'),
(176, 2, 3, 74, 1, '2021-12-01'),
(177, 2, 4, 75, 1, '2021-12-01'),
(178, 2, 4, 76, 1, '2021-12-01'),
(179, 2, 3, 77, 1, '2021-12-01'),
(180, 2, 5, 78, 1, '2021-12-01'),
(181, 2, 5, 79, 1, '2021-12-01'),
(182, 2, 3, 80, 1, '2021-12-01'),
(183, 2, 7, 81, 1, '2021-12-01'),
(184, 2, 3, 82, 1, '2021-12-01'),
(185, 2, 5, 83, 1, '2021-12-01'),
(186, 2, 3, 84, 1, '2021-12-01'),
(187, 2, 5, 85, 1, '2021-12-01'),
(188, 2, 6, 86, 1, '2021-12-01'),
(189, 2, 4, 87, 1, '2021-12-01'),
(190, 2, 4, 88, 1, '2021-12-01'),
(191, 2, 5, 89, 1, '2021-12-01'),
(192, 2, 5, 90, 1, '2021-12-01'),
(193, 2, 7, 91, 1, '2021-12-01'),
(194, 2, 7, 92, 1, '2021-12-01'),
(195, 2, 4, 93, 1, '2021-12-01'),
(196, 2, 7, 94, 1, '2021-12-01'),
(197, 2, 3, 95, 1, '2021-12-01'),
(198, 2, 3, 96, 1, '2021-12-01'),
(199, 2, 5, 97, 1, '2021-12-01'),
(200, 2, 3, 98, 1, '2021-12-01'),
(201, 2, 3, 99, 1, '2021-12-01'),
(202, 2, 4, 100, 1, '2021-12-01'),
(203, 2, 3, 101, 1, '2021-12-01'),
(204, 3, 39, 1, 1, '2021-12-01'),
(205, 3, 38, 2, 1, '2021-12-01'),
(206, 3, 48, 3, 1, '2021-12-01'),
(207, 3, 47, 4, 1, '2021-12-01'),
(208, 3, 42, 5, 1, '2021-12-01'),
(209, 3, 42, 6, 1, '2021-12-01'),
(210, 3, 30, 7, 1, '2021-12-01'),
(211, 3, 51, 8, 1, '2021-12-01'),
(212, 3, 35, 9, 1, '2021-12-01'),
(213, 3, 49, 10, 1, '2021-12-01'),
(214, 3, 35, 11, 1, '2021-12-01'),
(215, 3, 29, 12, 1, '2021-12-01'),
(216, 3, 40, 13, 1, '2021-12-01'),
(217, 3, 35, 14, 1, '2021-12-01'),
(218, 3, 27, 15, 1, '2021-12-01'),
(219, 3, 29, 16, 1, '2021-12-01'),
(220, 3, 37, 17, 1, '2021-12-01'),
(221, 3, 49, 18, 1, '2021-12-01'),
(222, 3, 31, 19, 1, '2021-12-01'),
(223, 3, 32, 20, 1, '2021-12-01'),
(224, 3, 39, 21, 1, '2021-12-01'),
(225, 3, 50, 22, 1, '2021-12-01'),
(226, 3, 32, 23, 1, '2021-12-01'),
(227, 3, 33, 24, 1, '2021-12-01'),
(228, 3, 43, 25, 1, '2021-12-01'),
(229, 3, 40, 26, 1, '2021-12-01'),
(230, 3, 43, 27, 1, '2021-12-01'),
(231, 3, 44, 28, 1, '2021-12-01'),
(232, 3, 39, 29, 1, '2021-12-01'),
(233, 3, 39, 30, 1, '2021-12-01'),
(234, 3, 49, 31, 1, '2021-12-01'),
(235, 3, 27, 32, 1, '2021-12-01'),
(236, 3, 37, 33, 1, '2021-12-01'),
(237, 3, 51, 34, 1, '2021-12-01'),
(238, 3, 43, 35, 1, '2021-12-01'),
(239, 3, 36, 36, 1, '2021-12-01'),
(240, 3, 50, 37, 1, '2021-12-01'),
(241, 3, 38, 38, 1, '2021-12-01'),
(242, 3, 41, 39, 1, '2021-12-01'),
(243, 3, 38, 40, 1, '2021-12-01'),
(244, 3, 42, 41, 1, '2021-12-01'),
(245, 3, 42, 42, 1, '2021-12-01'),
(246, 3, 33, 43, 1, '2021-12-01'),
(247, 3, 38, 44, 1, '2021-12-01'),
(248, 3, 37, 45, 1, '2021-12-01'),
(249, 3, 48, 46, 1, '2021-12-01'),
(250, 3, 27, 47, 1, '2021-12-01'),
(251, 3, 37, 48, 1, '2021-12-01'),
(252, 3, 30, 49, 1, '2021-12-01'),
(253, 3, 37, 50, 1, '2021-12-01'),
(254, 3, 42, 51, 1, '2021-12-01'),
(255, 3, 49, 52, 1, '2021-12-01'),
(256, 3, 40, 53, 1, '2021-12-01'),
(257, 3, 30, 54, 1, '2021-12-01'),
(258, 3, 51, 55, 1, '2021-12-01'),
(259, 3, 41, 56, 1, '2021-12-01'),
(260, 3, 50, 57, 1, '2021-12-01'),
(261, 3, 49, 58, 1, '2021-12-01'),
(262, 3, 44, 59, 1, '2021-12-01'),
(263, 3, 49, 60, 1, '2021-12-01'),
(264, 3, 33, 61, 1, '2021-12-01'),
(265, 3, 43, 62, 1, '2021-12-01'),
(266, 3, 41, 63, 1, '2021-12-01'),
(267, 3, 47, 64, 1, '2021-12-01'),
(268, 3, 36, 65, 1, '2021-12-01'),
(269, 3, 37, 66, 1, '2021-12-01'),
(270, 3, 51, 67, 1, '2021-12-01'),
(271, 3, 42, 68, 1, '2021-12-01'),
(272, 3, 32, 69, 1, '2021-12-01'),
(273, 3, 30, 70, 1, '2021-12-01'),
(274, 3, 29, 71, 1, '2021-12-01'),
(275, 3, 29, 72, 1, '2021-12-01'),
(276, 3, 29, 73, 1, '2021-12-01'),
(277, 3, 33, 74, 1, '2021-12-01'),
(278, 3, 50, 75, 1, '2021-12-01'),
(279, 3, 49, 76, 1, '2021-12-01'),
(280, 3, 45, 77, 1, '2021-12-01'),
(281, 3, 50, 78, 1, '2021-12-01'),
(282, 3, 39, 79, 1, '2021-12-01'),
(283, 3, 44, 80, 1, '2021-12-01'),
(284, 3, 28, 81, 1, '2021-12-01'),
(285, 3, 29, 82, 1, '2021-12-01'),
(286, 3, 34, 83, 1, '2021-12-01'),
(287, 3, 30, 84, 1, '2021-12-01'),
(288, 3, 50, 85, 1, '2021-12-01'),
(289, 3, 31, 86, 1, '2021-12-01'),
(290, 3, 30, 87, 1, '2021-12-01'),
(291, 3, 31, 88, 1, '2021-12-01'),
(292, 3, 39, 89, 1, '2021-12-01'),
(293, 3, 48, 90, 1, '2021-12-01'),
(294, 3, 48, 91, 1, '2021-12-01'),
(295, 3, 45, 92, 1, '2021-12-01'),
(296, 3, 28, 93, 1, '2021-12-01'),
(297, 3, 30, 94, 1, '2021-12-01'),
(298, 3, 40, 95, 1, '2021-12-01'),
(299, 3, 31, 96, 1, '2021-12-01'),
(300, 3, 34, 97, 1, '2021-12-01'),
(301, 3, 28, 98, 1, '2021-12-01'),
(302, 3, 35, 99, 1, '2021-12-01'),
(303, 3, 41, 100, 1, '2021-12-01'),
(304, 3, 48, 101, 1, '2021-12-01'),
(305, 4, 154, 1, 1, '2021-12-01'),
(306, 4, 146, 2, 1, '2021-12-01'),
(307, 4, 163, 3, 1, '2021-12-01'),
(308, 4, 129, 4, 1, '2021-12-01'),
(309, 4, 129, 5, 1, '2021-12-01'),
(310, 4, 115, 6, 1, '2021-12-01'),
(311, 4, 141, 7, 1, '2021-12-01'),
(312, 4, 150, 8, 1, '2021-12-01'),
(313, 4, 146, 9, 1, '2021-12-01'),
(314, 4, 118, 10, 1, '2021-12-01'),
(315, 4, 134, 11, 1, '2021-12-01'),
(316, 4, 146, 12, 1, '2021-12-01'),
(317, 4, 163, 13, 1, '2021-12-01'),
(318, 4, 176, 14, 1, '2021-12-01'),
(319, 4, 135, 15, 1, '2021-12-01'),
(320, 4, 137, 16, 1, '2021-12-01'),
(321, 4, 114, 17, 1, '2021-12-01'),
(322, 4, 140, 18, 1, '2021-12-01'),
(323, 4, 122, 19, 1, '2021-12-01'),
(324, 4, 116, 20, 1, '2021-12-01'),
(325, 4, 154, 21, 1, '2021-12-01'),
(326, 4, 162, 22, 1, '2021-12-01'),
(327, 4, 152, 23, 1, '2021-12-01'),
(328, 4, 176, 24, 1, '2021-12-01'),
(329, 4, 123, 25, 1, '2021-12-01'),
(330, 4, 155, 26, 1, '2021-12-01'),
(331, 4, 129, 27, 1, '2021-12-01'),
(332, 4, 111, 28, 1, '2021-12-01'),
(333, 4, 164, 29, 1, '2021-12-01'),
(334, 4, 122, 30, 1, '2021-12-01'),
(335, 4, 165, 31, 1, '2021-12-01'),
(336, 4, 174, 32, 1, '2021-12-01'),
(337, 4, 133, 33, 1, '2021-12-01'),
(338, 4, 122, 34, 1, '2021-12-01'),
(339, 4, 120, 35, 1, '2021-12-01'),
(340, 4, 143, 36, 1, '2021-12-01'),
(341, 4, 134, 37, 1, '2021-12-01'),
(342, 4, 173, 38, 1, '2021-12-01'),
(343, 4, 118, 39, 1, '2021-12-01'),
(344, 4, 171, 40, 1, '2021-12-01'),
(345, 4, 156, 41, 1, '2021-12-01'),
(346, 4, 113, 42, 1, '2021-12-01'),
(347, 4, 179, 43, 1, '2021-12-01'),
(348, 4, 122, 44, 1, '2021-12-01'),
(349, 4, 116, 45, 1, '2021-12-01'),
(350, 4, 133, 46, 1, '2021-12-01'),
(351, 4, 130, 47, 1, '2021-12-01'),
(352, 4, 117, 48, 1, '2021-12-01'),
(353, 4, 178, 49, 1, '2021-12-01'),
(354, 4, 176, 50, 1, '2021-12-01'),
(355, 4, 130, 51, 1, '2021-12-01'),
(356, 4, 119, 52, 1, '2021-12-01'),
(357, 4, 112, 53, 1, '2021-12-01'),
(358, 4, 152, 54, 1, '2021-12-01'),
(359, 4, 158, 55, 1, '2021-12-01'),
(360, 4, 150, 56, 1, '2021-12-01'),
(361, 4, 170, 57, 1, '2021-12-01'),
(362, 4, 133, 58, 1, '2021-12-01'),
(363, 4, 122, 59, 1, '2021-12-01'),
(364, 4, 122, 60, 1, '2021-12-01'),
(365, 4, 129, 61, 1, '2021-12-01'),
(366, 4, 168, 62, 1, '2021-12-01'),
(367, 4, 126, 63, 1, '2021-12-01'),
(368, 4, 144, 64, 1, '2021-12-01'),
(369, 4, 133, 65, 1, '2021-12-01'),
(370, 4, 131, 66, 1, '2021-12-01'),
(371, 4, 162, 67, 1, '2021-12-01'),
(372, 4, 170, 68, 1, '2021-12-01'),
(373, 4, 152, 69, 1, '2021-12-01'),
(374, 4, 155, 70, 1, '2021-12-01'),
(375, 4, 118, 71, 1, '2021-12-01'),
(376, 4, 149, 72, 1, '2021-12-01'),
(377, 4, 112, 73, 1, '2021-12-01'),
(378, 4, 140, 74, 1, '2021-12-01'),
(379, 4, 110, 75, 1, '2021-12-01'),
(380, 4, 165, 76, 1, '2021-12-01'),
(381, 4, 145, 77, 1, '2021-12-01'),
(382, 4, 123, 78, 1, '2021-12-01'),
(383, 4, 178, 79, 1, '2021-12-01'),
(384, 4, 146, 80, 1, '2021-12-01'),
(385, 4, 166, 81, 1, '2021-12-01'),
(386, 4, 177, 82, 1, '2021-12-01'),
(387, 4, 132, 83, 1, '2021-12-01'),
(388, 4, 174, 84, 1, '2021-12-01'),
(389, 4, 112, 85, 1, '2021-12-01'),
(390, 4, 178, 86, 1, '2021-12-01'),
(391, 4, 160, 87, 1, '2021-12-01'),
(392, 4, 162, 88, 1, '2021-12-01'),
(393, 4, 152, 89, 1, '2021-12-01'),
(394, 4, 173, 90, 1, '2021-12-01'),
(395, 4, 127, 91, 1, '2021-12-01'),
(396, 4, 180, 92, 1, '2021-12-01'),
(397, 4, 159, 93, 1, '2021-12-01'),
(398, 4, 142, 94, 1, '2021-12-01'),
(399, 4, 117, 95, 1, '2021-12-01'),
(400, 4, 172, 96, 1, '2021-12-01'),
(401, 4, 131, 97, 1, '2021-12-01'),
(402, 4, 164, 98, 1, '2021-12-01'),
(403, 4, 156, 99, 1, '2021-12-01'),
(404, 4, 171, 100, 1, '2021-12-01'),
(405, 4, 152, 101, 1, '2021-12-01'),
(406, 5, 81, 1, 1, '2021-12-01'),
(407, 5, 77, 2, 1, '2021-12-01'),
(408, 5, 75, 3, 1, '2021-12-01'),
(409, 5, 100, 4, 1, '2021-12-01'),
(410, 5, 70, 5, 1, '2021-12-01'),
(411, 5, 84, 6, 1, '2021-12-01'),
(412, 5, 88, 7, 1, '2021-12-01'),
(413, 5, 88, 8, 1, '2021-12-01'),
(414, 5, 71, 9, 1, '2021-12-01'),
(415, 5, 89, 10, 1, '2021-12-01'),
(416, 5, 73, 11, 1, '2021-12-01'),
(417, 5, 83, 12, 1, '2021-12-01'),
(418, 5, 73, 13, 1, '2021-12-01'),
(419, 5, 92, 14, 1, '2021-12-01'),
(420, 5, 72, 15, 1, '2021-12-01'),
(421, 5, 82, 16, 1, '2021-12-01'),
(422, 5, 97, 17, 1, '2021-12-01'),
(423, 5, 94, 18, 1, '2021-12-01'),
(424, 5, 82, 19, 1, '2021-12-01'),
(425, 5, 84, 20, 1, '2021-12-01'),
(426, 5, 77, 21, 1, '2021-12-01'),
(427, 5, 84, 22, 1, '2021-12-01'),
(428, 5, 74, 23, 1, '2021-12-01'),
(429, 5, 97, 24, 1, '2021-12-01'),
(430, 5, 73, 25, 1, '2021-12-01'),
(431, 5, 98, 26, 1, '2021-12-01'),
(432, 5, 86, 27, 1, '2021-12-01'),
(433, 5, 78, 28, 1, '2021-12-01'),
(434, 5, 89, 29, 1, '2021-12-01'),
(435, 5, 89, 30, 1, '2021-12-01'),
(436, 5, 83, 31, 1, '2021-12-01'),
(437, 5, 71, 32, 1, '2021-12-01'),
(438, 5, 72, 33, 1, '2021-12-01'),
(439, 5, 76, 34, 1, '2021-12-01'),
(440, 5, 71, 35, 1, '2021-12-01'),
(441, 5, 88, 36, 1, '2021-12-01'),
(442, 5, 83, 37, 1, '2021-12-01'),
(443, 5, 76, 38, 1, '2021-12-01'),
(444, 5, 83, 39, 1, '2021-12-01'),
(445, 5, 94, 40, 1, '2021-12-01'),
(446, 5, 88, 41, 1, '2021-12-01'),
(447, 5, 80, 42, 1, '2021-12-01'),
(448, 5, 92, 43, 1, '2021-12-01'),
(449, 5, 77, 44, 1, '2021-12-01'),
(450, 5, 87, 45, 1, '2021-12-01'),
(451, 5, 79, 46, 1, '2021-12-01'),
(452, 5, 82, 47, 1, '2021-12-01'),
(453, 5, 78, 48, 1, '2021-12-01'),
(454, 5, 77, 49, 1, '2021-12-01'),
(455, 5, 85, 50, 1, '2021-12-01'),
(456, 5, 95, 51, 1, '2021-12-01'),
(457, 5, 71, 52, 1, '2021-12-01'),
(458, 5, 71, 53, 1, '2021-12-01'),
(459, 5, 84, 54, 1, '2021-12-01'),
(460, 5, 91, 55, 1, '2021-12-01'),
(461, 5, 98, 56, 1, '2021-12-01'),
(462, 5, 90, 57, 1, '2021-12-01'),
(463, 5, 70, 58, 1, '2021-12-01'),
(464, 5, 89, 59, 1, '2021-12-01'),
(465, 5, 99, 60, 1, '2021-12-01'),
(466, 5, 83, 61, 1, '2021-12-01'),
(467, 5, 87, 62, 1, '2021-12-01'),
(468, 5, 89, 63, 1, '2021-12-01'),
(469, 5, 100, 64, 1, '2021-12-01'),
(470, 5, 90, 65, 1, '2021-12-01'),
(471, 5, 96, 66, 1, '2021-12-01'),
(472, 5, 74, 67, 1, '2021-12-01'),
(473, 5, 97, 68, 1, '2021-12-01'),
(474, 5, 94, 69, 1, '2021-12-01'),
(475, 5, 95, 70, 1, '2021-12-01'),
(476, 5, 70, 71, 1, '2021-12-01'),
(477, 5, 99, 72, 1, '2021-12-01'),
(478, 5, 82, 73, 1, '2021-12-01'),
(479, 5, 84, 74, 1, '2021-12-01'),
(480, 5, 77, 75, 1, '2021-12-01'),
(481, 5, 81, 76, 1, '2021-12-01'),
(482, 5, 94, 77, 1, '2021-12-01'),
(483, 5, 72, 78, 1, '2021-12-01'),
(484, 5, 80, 79, 1, '2021-12-01'),
(485, 5, 92, 80, 1, '2021-12-01'),
(486, 5, 76, 81, 1, '2021-12-01'),
(487, 5, 78, 82, 1, '2021-12-01'),
(488, 5, 70, 83, 1, '2021-12-01'),
(489, 5, 70, 84, 1, '2021-12-01'),
(490, 5, 79, 85, 1, '2021-12-01'),
(491, 5, 72, 86, 1, '2021-12-01'),
(492, 5, 77, 87, 1, '2021-12-01'),
(493, 5, 73, 88, 1, '2021-12-01'),
(494, 5, 83, 89, 1, '2021-12-01'),
(495, 5, 91, 90, 1, '2021-12-01'),
(496, 5, 95, 91, 1, '2021-12-01'),
(497, 5, 75, 92, 1, '2021-12-01'),
(498, 5, 75, 93, 1, '2021-12-01'),
(499, 5, 90, 94, 1, '2021-12-01'),
(500, 5, 75, 95, 1, '2021-12-01'),
(501, 5, 98, 96, 1, '2021-12-01'),
(502, 5, 93, 97, 1, '2021-12-01'),
(503, 5, 88, 98, 1, '2021-12-01'),
(504, 5, 89, 99, 1, '2021-12-01'),
(505, 5, 99, 100, 1, '2021-12-01'),
(506, 5, 85, 101, 1, '2021-12-01'),
(507, 6, 30, 1, 1, '2021-12-01'),
(508, 6, 34, 2, 1, '2021-12-01'),
(509, 6, 30, 3, 1, '2021-12-01'),
(510, 6, 25, 4, 1, '2021-12-01'),
(511, 6, 32, 5, 1, '2021-12-01'),
(512, 6, 29, 6, 1, '2021-12-01'),
(513, 6, 35, 7, 1, '2021-12-01'),
(514, 6, 35, 8, 1, '2021-12-01'),
(515, 6, 33, 9, 1, '2021-12-01'),
(516, 6, 25, 10, 1, '2021-12-01'),
(517, 6, 26, 11, 1, '2021-12-01'),
(518, 6, 35, 12, 1, '2021-12-01'),
(519, 6, 31, 13, 1, '2021-12-01'),
(520, 6, 28, 14, 1, '2021-12-01'),
(521, 6, 25, 15, 1, '2021-12-01'),
(522, 6, 31, 16, 1, '2021-12-01'),
(523, 6, 28, 17, 1, '2021-12-01'),
(524, 6, 27, 18, 1, '2021-12-01'),
(525, 6, 31, 19, 1, '2021-12-01'),
(526, 6, 26, 20, 1, '2021-12-01'),
(527, 6, 27, 21, 1, '2021-12-01'),
(528, 6, 33, 22, 1, '2021-12-01'),
(529, 6, 34, 23, 1, '2021-12-01'),
(530, 6, 29, 24, 1, '2021-12-01'),
(531, 6, 27, 25, 1, '2021-12-01'),
(532, 6, 29, 26, 1, '2021-12-01'),
(533, 6, 27, 27, 1, '2021-12-01'),
(534, 6, 33, 28, 1, '2021-12-01'),
(535, 6, 35, 29, 1, '2021-12-01'),
(536, 6, 28, 30, 1, '2021-12-01'),
(537, 6, 30, 31, 1, '2021-12-01'),
(538, 6, 31, 32, 1, '2021-12-01'),
(539, 6, 25, 33, 1, '2021-12-01'),
(540, 6, 34, 34, 1, '2021-12-01'),
(541, 6, 34, 35, 1, '2021-12-01'),
(542, 6, 31, 36, 1, '2021-12-01'),
(543, 6, 29, 37, 1, '2021-12-01'),
(544, 6, 28, 38, 1, '2021-12-01'),
(545, 6, 32, 39, 1, '2021-12-01'),
(546, 6, 33, 40, 1, '2021-12-01'),
(547, 6, 30, 41, 1, '2021-12-01'),
(548, 6, 33, 42, 1, '2021-12-01'),
(549, 6, 34, 43, 1, '2021-12-01'),
(550, 6, 31, 44, 1, '2021-12-01'),
(551, 6, 35, 45, 1, '2021-12-01'),
(552, 6, 31, 46, 1, '2021-12-01'),
(553, 6, 26, 47, 1, '2021-12-01'),
(554, 6, 32, 48, 1, '2021-12-01'),
(555, 6, 26, 49, 1, '2021-12-01'),
(556, 6, 26, 50, 1, '2021-12-01'),
(557, 6, 25, 51, 1, '2021-12-01'),
(558, 6, 33, 52, 1, '2021-12-01'),
(559, 6, 27, 53, 1, '2021-12-01'),
(560, 6, 32, 54, 1, '2021-12-01'),
(561, 6, 31, 55, 1, '2021-12-01'),
(562, 6, 34, 56, 1, '2021-12-01'),
(563, 6, 25, 57, 1, '2021-12-01'),
(564, 6, 31, 58, 1, '2021-12-01'),
(565, 6, 29, 59, 1, '2021-12-01'),
(566, 6, 25, 60, 1, '2021-12-01'),
(567, 6, 26, 61, 1, '2021-12-01'),
(568, 6, 29, 62, 1, '2021-12-01'),
(569, 6, 27, 63, 1, '2021-12-01'),
(570, 6, 32, 64, 1, '2021-12-01'),
(571, 6, 30, 65, 1, '2021-12-01'),
(572, 6, 29, 66, 1, '2021-12-01'),
(573, 6, 25, 67, 1, '2021-12-01'),
(574, 6, 32, 68, 1, '2021-12-01'),
(575, 6, 33, 69, 1, '2021-12-01'),
(576, 6, 33, 70, 1, '2021-12-01'),
(577, 6, 35, 71, 1, '2021-12-01'),
(578, 6, 34, 72, 1, '2021-12-01'),
(579, 6, 34, 73, 1, '2021-12-01'),
(580, 6, 29, 74, 1, '2021-12-01'),
(581, 6, 27, 75, 1, '2021-12-01'),
(582, 6, 34, 76, 1, '2021-12-01'),
(583, 6, 30, 77, 1, '2021-12-01'),
(584, 6, 35, 78, 1, '2021-12-01'),
(585, 6, 32, 79, 1, '2021-12-01'),
(586, 6, 35, 80, 1, '2021-12-01'),
(587, 6, 29, 81, 1, '2021-12-01'),
(588, 6, 28, 82, 1, '2021-12-01'),
(589, 6, 27, 83, 1, '2021-12-01'),
(590, 6, 34, 84, 1, '2021-12-01'),
(591, 6, 29, 85, 1, '2021-12-01'),
(592, 6, 27, 86, 1, '2021-12-01'),
(593, 6, 26, 87, 1, '2021-12-01'),
(594, 6, 25, 88, 1, '2021-12-01'),
(595, 6, 26, 89, 1, '2021-12-01'),
(596, 6, 32, 90, 1, '2021-12-01'),
(597, 6, 28, 91, 1, '2021-12-01'),
(598, 6, 32, 92, 1, '2021-12-01'),
(599, 6, 31, 93, 1, '2021-12-01'),
(600, 6, 33, 94, 1, '2021-12-01'),
(601, 6, 30, 95, 1, '2021-12-01'),
(602, 6, 34, 96, 1, '2021-12-01'),
(603, 6, 30, 97, 1, '2021-12-01'),
(604, 6, 32, 98, 1, '2021-12-01'),
(605, 6, 26, 99, 1, '2021-12-01'),
(606, 6, 35, 100, 1, '2021-12-01'),
(607, 6, 26, 101, 1, '2021-12-01'),
(608, 7, 13, 1, 1, '2021-12-01'),
(609, 7, 12, 2, 1, '2021-12-01'),
(610, 7, 11, 3, 1, '2021-12-01'),
(611, 7, 8, 4, 1, '2021-12-01'),
(612, 7, 13, 5, 1, '2021-12-01'),
(613, 7, 14, 6, 1, '2021-12-01'),
(614, 7, 14, 7, 1, '2021-12-01'),
(615, 7, 8, 8, 1, '2021-12-01'),
(616, 7, 11, 9, 1, '2021-12-01'),
(617, 7, 14, 10, 1, '2021-12-01'),
(618, 7, 14, 11, 1, '2021-12-01'),
(619, 7, 9, 12, 1, '2021-12-01'),
(620, 7, 9, 13, 1, '2021-12-01'),
(621, 7, 16, 14, 1, '2021-12-01'),
(622, 7, 11, 15, 1, '2021-12-01'),
(623, 7, 14, 16, 1, '2021-12-01'),
(624, 7, 8, 17, 1, '2021-12-01'),
(625, 7, 14, 18, 1, '2021-12-01'),
(626, 7, 16, 19, 1, '2021-12-01'),
(627, 7, 10, 20, 1, '2021-12-01'),
(628, 7, 16, 21, 1, '2021-12-01'),
(629, 7, 11, 22, 1, '2021-12-01'),
(630, 7, 15, 23, 1, '2021-12-01'),
(631, 7, 10, 24, 1, '2021-12-01'),
(632, 7, 16, 25, 1, '2021-12-01'),
(633, 7, 14, 26, 1, '2021-12-01'),
(634, 7, 16, 27, 1, '2021-12-01'),
(635, 7, 10, 28, 1, '2021-12-01'),
(636, 7, 10, 29, 1, '2021-12-01'),
(637, 7, 16, 30, 1, '2021-12-01'),
(638, 7, 12, 31, 1, '2021-12-01'),
(639, 7, 15, 32, 1, '2021-12-01'),
(640, 7, 8, 33, 1, '2021-12-01'),
(641, 7, 14, 34, 1, '2021-12-01'),
(642, 7, 15, 35, 1, '2021-12-01'),
(643, 7, 12, 36, 1, '2021-12-01'),
(644, 7, 14, 37, 1, '2021-12-01'),
(645, 7, 8, 38, 1, '2021-12-01'),
(646, 7, 12, 39, 1, '2021-12-01'),
(647, 7, 15, 40, 1, '2021-12-01'),
(648, 7, 11, 41, 1, '2021-12-01'),
(649, 7, 14, 42, 1, '2021-12-01'),
(650, 7, 16, 43, 1, '2021-12-01'),
(651, 7, 14, 44, 1, '2021-12-01'),
(652, 7, 12, 45, 1, '2021-12-01'),
(653, 7, 14, 46, 1, '2021-12-01'),
(654, 7, 10, 47, 1, '2021-12-01'),
(655, 7, 16, 48, 1, '2021-12-01'),
(656, 7, 16, 49, 1, '2021-12-01'),
(657, 7, 9, 50, 1, '2021-12-01'),
(658, 7, 10, 51, 1, '2021-12-01'),
(659, 7, 12, 52, 1, '2021-12-01'),
(660, 7, 15, 53, 1, '2021-12-01'),
(661, 7, 9, 54, 1, '2021-12-01'),
(662, 7, 11, 55, 1, '2021-12-01'),
(663, 7, 10, 56, 1, '2021-12-01'),
(664, 7, 12, 57, 1, '2021-12-01'),
(665, 7, 16, 58, 1, '2021-12-01'),
(666, 7, 15, 59, 1, '2021-12-01'),
(667, 7, 13, 60, 1, '2021-12-01'),
(668, 7, 9, 61, 1, '2021-12-01'),
(669, 7, 13, 62, 1, '2021-12-01'),
(670, 7, 11, 63, 1, '2021-12-01'),
(671, 7, 15, 64, 1, '2021-12-01'),
(672, 7, 13, 65, 1, '2021-12-01'),
(673, 7, 12, 66, 1, '2021-12-01'),
(674, 7, 12, 67, 1, '2021-12-01'),
(675, 7, 8, 68, 1, '2021-12-01'),
(676, 7, 13, 69, 1, '2021-12-01'),
(677, 7, 13, 70, 1, '2021-12-01'),
(678, 7, 16, 71, 1, '2021-12-01'),
(679, 7, 14, 72, 1, '2021-12-01'),
(680, 7, 14, 73, 1, '2021-12-01'),
(681, 7, 12, 74, 1, '2021-12-01'),
(682, 7, 15, 75, 1, '2021-12-01'),
(683, 7, 10, 76, 1, '2021-12-01'),
(684, 7, 12, 77, 1, '2021-12-01'),
(685, 7, 9, 78, 1, '2021-12-01'),
(686, 7, 13, 79, 1, '2021-12-01'),
(687, 7, 9, 80, 1, '2021-12-01'),
(688, 7, 14, 81, 1, '2021-12-01'),
(689, 7, 8, 82, 1, '2021-12-01'),
(690, 7, 12, 83, 1, '2021-12-01'),
(691, 7, 11, 84, 1, '2021-12-01'),
(692, 7, 11, 85, 1, '2021-12-01'),
(693, 7, 14, 86, 1, '2021-12-01'),
(694, 7, 14, 87, 1, '2021-12-01'),
(695, 7, 15, 88, 1, '2021-12-01'),
(696, 7, 9, 89, 1, '2021-12-01'),
(697, 7, 16, 90, 1, '2021-12-01'),
(698, 7, 10, 91, 1, '2021-12-01'),
(699, 7, 16, 92, 1, '2021-12-01'),
(700, 7, 11, 93, 1, '2021-12-01'),
(701, 7, 8, 94, 1, '2021-12-01'),
(702, 7, 15, 95, 1, '2021-12-01'),
(703, 7, 14, 96, 1, '2021-12-01'),
(704, 7, 10, 97, 1, '2021-12-01'),
(705, 7, 14, 98, 1, '2021-12-01'),
(706, 7, 15, 99, 1, '2021-12-01'),
(707, 7, 16, 100, 1, '2021-12-01'),
(708, 7, 10, 101, 1, '2021-12-01'),
(709, 8, 341, 1, 1, '2021-12-01'),
(710, 8, 133, 2, 1, '2021-12-01'),
(711, 8, 219, 3, 1, '2021-12-01'),
(712, 8, 268, 4, 1, '2021-12-01'),
(713, 8, 189, 5, 1, '2021-12-01'),
(714, 8, 394, 6, 1, '2021-12-01'),
(715, 8, 414, 7, 1, '2021-12-01'),
(716, 8, 441, 8, 1, '2021-12-01'),
(717, 8, 415, 9, 1, '2021-12-01'),
(718, 8, 375, 10, 1, '2021-12-01'),
(719, 8, 300, 11, 1, '2021-12-01'),
(720, 8, 193, 12, 1, '2021-12-01'),
(721, 8, 140, 13, 1, '2021-12-01'),
(722, 8, 329, 14, 1, '2021-12-01'),
(723, 8, 376, 15, 1, '2021-12-01'),
(724, 8, 244, 16, 1, '2021-12-01'),
(725, 8, 233, 17, 1, '2021-12-01'),
(726, 8, 120, 18, 1, '2021-12-01'),
(727, 8, 141, 19, 1, '2021-12-01'),
(728, 8, 246, 20, 1, '2021-12-01'),
(729, 8, 257, 21, 1, '2021-12-01'),
(730, 8, 148, 22, 1, '2021-12-01'),
(731, 8, 287, 23, 1, '2021-12-01'),
(732, 8, 121, 24, 1, '2021-12-01'),
(733, 8, 374, 25, 1, '2021-12-01'),
(734, 8, 352, 26, 1, '2021-12-01'),
(735, 8, 439, 27, 1, '2021-12-01'),
(736, 8, 444, 28, 1, '2021-12-01'),
(737, 8, 146, 29, 1, '2021-12-01'),
(738, 8, 285, 30, 1, '2021-12-01'),
(739, 8, 315, 31, 1, '2021-12-01'),
(740, 8, 336, 32, 1, '2021-12-01'),
(741, 8, 367, 33, 1, '2021-12-01'),
(742, 8, 238, 34, 1, '2021-12-01'),
(743, 8, 163, 35, 1, '2021-12-01'),
(744, 8, 234, 36, 1, '2021-12-01'),
(745, 8, 117, 37, 1, '2021-12-01'),
(746, 8, 429, 38, 1, '2021-12-01'),
(747, 8, 146, 39, 1, '2021-12-01'),
(748, 8, 362, 40, 1, '2021-12-01'),
(749, 8, 358, 41, 1, '2021-12-01'),
(750, 8, 123, 42, 1, '2021-12-01'),
(751, 8, 163, 43, 1, '2021-12-01'),
(752, 8, 392, 44, 1, '2021-12-01'),
(753, 8, 244, 45, 1, '2021-12-01'),
(754, 8, 161, 46, 1, '2021-12-01'),
(755, 8, 148, 47, 1, '2021-12-01'),
(756, 8, 386, 48, 1, '2021-12-01'),
(757, 8, 186, 49, 1, '2021-12-01'),
(758, 8, 419, 50, 1, '2021-12-01'),
(759, 8, 100, 51, 1, '2021-12-01'),
(760, 8, 176, 52, 1, '2021-12-01'),
(761, 8, 131, 53, 1, '2021-12-01'),
(762, 8, 438, 54, 1, '2021-12-01'),
(763, 8, 196, 55, 1, '2021-12-01'),
(764, 8, 314, 56, 1, '2021-12-01'),
(765, 8, 153, 57, 1, '2021-12-01'),
(766, 8, 291, 58, 1, '2021-12-01'),
(767, 8, 347, 59, 1, '2021-12-01'),
(768, 8, 162, 60, 1, '2021-12-01'),
(769, 8, 207, 61, 1, '2021-12-01'),
(770, 8, 160, 62, 1, '2021-12-01'),
(771, 8, 442, 63, 1, '2021-12-01'),
(772, 8, 281, 64, 1, '2021-12-01'),
(773, 8, 378, 65, 1, '2021-12-01'),
(774, 8, 159, 66, 1, '2021-12-01'),
(775, 8, 381, 67, 1, '2021-12-01'),
(776, 8, 216, 68, 1, '2021-12-01'),
(777, 8, 243, 69, 1, '2021-12-01'),
(778, 8, 182, 70, 1, '2021-12-01'),
(779, 8, 216, 71, 1, '2021-12-01'),
(780, 8, 232, 72, 1, '2021-12-01'),
(781, 8, 427, 73, 1, '2021-12-01'),
(782, 8, 344, 74, 1, '2021-12-01'),
(783, 8, 229, 75, 1, '2021-12-01'),
(784, 8, 326, 76, 1, '2021-12-01'),
(785, 8, 383, 77, 1, '2021-12-01'),
(786, 8, 214, 78, 1, '2021-12-01'),
(787, 8, 171, 79, 1, '2021-12-01'),
(788, 8, 164, 80, 1, '2021-12-01'),
(789, 8, 151, 81, 1, '2021-12-01'),
(790, 8, 234, 82, 1, '2021-12-01'),
(791, 8, 208, 83, 1, '2021-12-01'),
(792, 8, 142, 84, 1, '2021-12-01'),
(793, 8, 224, 85, 1, '2021-12-01'),
(794, 8, 368, 86, 1, '2021-12-01'),
(795, 8, 119, 87, 1, '2021-12-01'),
(796, 8, 139, 88, 1, '2021-12-01'),
(797, 8, 411, 89, 1, '2021-12-01'),
(798, 8, 305, 90, 1, '2021-12-01'),
(799, 8, 131, 91, 1, '2021-12-01'),
(800, 8, 332, 92, 1, '2021-12-01'),
(801, 8, 440, 93, 1, '2021-12-01'),
(802, 8, 248, 94, 1, '2021-12-01'),
(803, 8, 224, 95, 1, '2021-12-01'),
(804, 8, 405, 96, 1, '2021-12-01'),
(805, 8, 236, 97, 1, '2021-12-01'),
(806, 8, 134, 98, 1, '2021-12-01'),
(807, 8, 388, 99, 1, '2021-12-01'),
(808, 8, 409, 100, 1, '2021-12-01'),
(809, 8, 192, 101, 1, '2021-12-01'),
(810, 9, 27, 1, 1, '2021-12-01'),
(811, 9, 25, 2, 1, '2021-12-01'),
(812, 9, 36, 3, 1, '2021-12-01'),
(813, 9, 7, 4, 1, '2021-12-01'),
(814, 9, 20, 5, 1, '2021-12-01'),
(815, 9, 40, 6, 1, '2021-12-01'),
(816, 9, 40, 7, 1, '2021-12-01'),
(817, 9, 14, 8, 1, '2021-12-01'),
(818, 9, 13, 9, 1, '2021-12-01'),
(819, 9, 21, 10, 1, '2021-12-01'),
(820, 9, 12, 11, 1, '2021-12-01'),
(821, 9, 5, 12, 1, '2021-12-01'),
(822, 9, 20, 13, 1, '2021-12-01'),
(823, 9, 33, 14, 1, '2021-12-01'),
(824, 9, 11, 15, 1, '2021-12-01'),
(825, 9, 31, 16, 1, '2021-12-01'),
(826, 9, 5, 17, 1, '2021-12-01'),
(827, 9, 25, 18, 1, '2021-12-01'),
(828, 9, 28, 19, 1, '2021-12-01'),
(829, 9, 16, 20, 1, '2021-12-01'),
(830, 9, 39, 21, 1, '2021-12-01'),
(831, 9, 7, 22, 1, '2021-12-01'),
(832, 9, 38, 23, 1, '2021-12-01'),
(833, 9, 7, 24, 1, '2021-12-01'),
(834, 9, 20, 25, 1, '2021-12-01'),
(835, 9, 28, 26, 1, '2021-12-01'),
(836, 9, 14, 27, 1, '2021-12-01'),
(837, 9, 20, 28, 1, '2021-12-01'),
(838, 9, 5, 29, 1, '2021-12-01'),
(839, 9, 10, 30, 1, '2021-12-01'),
(840, 9, 10, 31, 1, '2021-12-01'),
(841, 9, 31, 32, 1, '2021-12-01'),
(842, 9, 8, 33, 1, '2021-12-01'),
(843, 9, 34, 34, 1, '2021-12-01'),
(844, 9, 17, 35, 1, '2021-12-01'),
(845, 9, 8, 36, 1, '2021-12-01'),
(846, 9, 40, 37, 1, '2021-12-01'),
(847, 9, 12, 38, 1, '2021-12-01'),
(848, 9, 18, 39, 1, '2021-12-01'),
(849, 9, 14, 40, 1, '2021-12-01'),
(850, 9, 26, 41, 1, '2021-12-01'),
(851, 9, 26, 42, 1, '2021-12-01'),
(852, 9, 5, 43, 1, '2021-12-01'),
(853, 9, 24, 44, 1, '2021-12-01'),
(854, 9, 31, 45, 1, '2021-12-01'),
(855, 9, 25, 46, 1, '2021-12-01'),
(856, 9, 6, 47, 1, '2021-12-01'),
(857, 9, 32, 48, 1, '2021-12-01'),
(858, 9, 7, 49, 1, '2021-12-01'),
(859, 9, 21, 50, 1, '2021-12-01'),
(860, 9, 11, 51, 1, '2021-12-01'),
(861, 9, 20, 52, 1, '2021-12-01'),
(862, 9, 27, 53, 1, '2021-12-01'),
(863, 9, 20, 54, 1, '2021-12-01'),
(864, 9, 21, 55, 1, '2021-12-01'),
(865, 9, 10, 56, 1, '2021-12-01'),
(866, 9, 34, 57, 1, '2021-12-01'),
(867, 9, 26, 58, 1, '2021-12-01'),
(868, 9, 16, 59, 1, '2021-12-01'),
(869, 9, 37, 60, 1, '2021-12-01'),
(870, 9, 37, 61, 1, '2021-12-01'),
(871, 9, 30, 62, 1, '2021-12-01'),
(872, 9, 17, 63, 1, '2021-12-01'),
(873, 9, 10, 64, 1, '2021-12-01'),
(874, 9, 35, 65, 1, '2021-12-01'),
(875, 9, 8, 66, 1, '2021-12-01'),
(876, 9, 27, 67, 1, '2021-12-01'),
(877, 9, 30, 68, 1, '2021-12-01'),
(878, 9, 18, 69, 1, '2021-12-01'),
(879, 9, 11, 70, 1, '2021-12-01'),
(880, 9, 16, 71, 1, '2021-12-01'),
(881, 9, 5, 72, 1, '2021-12-01'),
(882, 9, 16, 73, 1, '2021-12-01'),
(883, 9, 27, 74, 1, '2021-12-01'),
(884, 9, 29, 75, 1, '2021-12-01'),
(885, 9, 16, 76, 1, '2021-12-01'),
(886, 9, 21, 77, 1, '2021-12-01'),
(887, 9, 40, 78, 1, '2021-12-01'),
(888, 9, 24, 79, 1, '2021-12-01'),
(889, 9, 34, 80, 1, '2021-12-01'),
(890, 9, 38, 81, 1, '2021-12-01'),
(891, 9, 18, 82, 1, '2021-12-01'),
(892, 9, 15, 83, 1, '2021-12-01'),
(893, 9, 5, 84, 1, '2021-12-01'),
(894, 9, 32, 85, 1, '2021-12-01'),
(895, 9, 38, 86, 1, '2021-12-01'),
(896, 9, 11, 87, 1, '2021-12-01'),
(897, 9, 30, 88, 1, '2021-12-01'),
(898, 9, 24, 89, 1, '2021-12-01'),
(899, 9, 35, 90, 1, '2021-12-01'),
(900, 9, 37, 91, 1, '2021-12-01'),
(901, 9, 34, 92, 1, '2021-12-01'),
(902, 9, 14, 93, 1, '2021-12-01'),
(903, 9, 40, 94, 1, '2021-12-01'),
(904, 9, 35, 95, 1, '2021-12-01'),
(905, 9, 18, 96, 1, '2021-12-01'),
(906, 9, 24, 97, 1, '2021-12-01'),
(907, 9, 8, 98, 1, '2021-12-01'),
(908, 9, 11, 99, 1, '2021-12-01'),
(909, 9, 37, 100, 1, '2021-12-01'),
(910, 9, 8, 101, 1, '2021-12-01'),
(911, 10, 47, 1, 1, '2021-12-01'),
(912, 10, 40, 2, 1, '2021-12-01'),
(913, 10, 32, 3, 1, '2021-12-01'),
(914, 10, 25, 4, 1, '2021-12-01'),
(915, 10, 38, 5, 1, '2021-12-01'),
(916, 10, 40, 6, 1, '2021-12-01'),
(917, 10, 28, 7, 1, '2021-12-01'),
(918, 10, 28, 8, 1, '2021-12-01'),
(919, 10, 31, 9, 1, '2021-12-01'),
(920, 10, 50, 10, 1, '2021-12-01'),
(921, 10, 51, 11, 1, '2021-12-01'),
(922, 10, 42, 12, 1, '2021-12-01'),
(923, 10, 58, 13, 1, '2021-12-01'),
(924, 10, 44, 14, 1, '2021-12-01'),
(925, 10, 55, 15, 1, '2021-12-01'),
(926, 10, 32, 16, 1, '2021-12-01'),
(927, 10, 28, 17, 1, '2021-12-01'),
(928, 10, 34, 18, 1, '2021-12-01'),
(929, 10, 51, 19, 1, '2021-12-01'),
(930, 10, 47, 20, 1, '2021-12-01'),
(931, 10, 47, 21, 1, '2021-12-01'),
(932, 10, 43, 22, 1, '2021-12-01'),
(933, 10, 33, 23, 1, '2021-12-01'),
(934, 10, 50, 24, 1, '2021-12-01'),
(935, 10, 50, 25, 1, '2021-12-01'),
(936, 10, 33, 26, 1, '2021-12-01'),
(937, 10, 39, 27, 1, '2021-12-01'),
(938, 10, 34, 28, 1, '2021-12-01'),
(939, 10, 43, 29, 1, '2021-12-01'),
(940, 10, 33, 30, 1, '2021-12-01'),
(941, 10, 43, 31, 1, '2021-12-01'),
(942, 10, 26, 32, 1, '2021-12-01'),
(943, 10, 37, 33, 1, '2021-12-01'),
(944, 10, 38, 34, 1, '2021-12-01'),
(945, 10, 25, 35, 1, '2021-12-01'),
(946, 10, 42, 36, 1, '2021-12-01'),
(947, 10, 28, 37, 1, '2021-12-01'),
(948, 10, 42, 38, 1, '2021-12-01'),
(949, 10, 26, 39, 1, '2021-12-01'),
(950, 10, 34, 40, 1, '2021-12-01'),
(951, 10, 45, 41, 1, '2021-12-01'),
(952, 10, 44, 42, 1, '2021-12-01'),
(953, 10, 46, 43, 1, '2021-12-01'),
(954, 10, 57, 44, 1, '2021-12-01'),
(955, 10, 28, 45, 1, '2021-12-01'),
(956, 10, 31, 46, 1, '2021-12-01'),
(957, 10, 29, 47, 1, '2021-12-01'),
(958, 10, 41, 48, 1, '2021-12-01'),
(959, 10, 57, 49, 1, '2021-12-01'),
(960, 10, 53, 50, 1, '2021-12-01'),
(961, 10, 29, 51, 1, '2021-12-01'),
(962, 10, 59, 52, 1, '2021-12-01'),
(963, 10, 32, 53, 1, '2021-12-01'),
(964, 10, 43, 54, 1, '2021-12-01'),
(965, 10, 47, 55, 1, '2021-12-01'),
(966, 10, 56, 56, 1, '2021-12-01'),
(967, 10, 40, 57, 1, '2021-12-01'),
(968, 10, 50, 58, 1, '2021-12-01'),
(969, 10, 60, 59, 1, '2021-12-01'),
(970, 10, 51, 60, 1, '2021-12-01'),
(971, 10, 36, 61, 1, '2021-12-01'),
(972, 10, 54, 62, 1, '2021-12-01'),
(973, 10, 60, 63, 1, '2021-12-01'),
(974, 10, 57, 64, 1, '2021-12-01'),
(975, 10, 60, 65, 1, '2021-12-01'),
(976, 10, 25, 66, 1, '2021-12-01'),
(977, 10, 35, 67, 1, '2021-12-01'),
(978, 10, 40, 68, 1, '2021-12-01'),
(979, 10, 30, 69, 1, '2021-12-01'),
(980, 10, 43, 70, 1, '2021-12-01'),
(981, 10, 42, 71, 1, '2021-12-01'),
(982, 10, 59, 72, 1, '2021-12-01'),
(983, 10, 47, 73, 1, '2021-12-01'),
(984, 10, 43, 74, 1, '2021-12-01'),
(985, 10, 49, 75, 1, '2021-12-01'),
(986, 10, 27, 76, 1, '2021-12-01'),
(987, 10, 60, 77, 1, '2021-12-01'),
(988, 10, 48, 78, 1, '2021-12-01'),
(989, 10, 50, 79, 1, '2021-12-01'),
(990, 10, 35, 80, 1, '2021-12-01'),
(991, 10, 33, 81, 1, '2021-12-01'),
(992, 10, 40, 82, 1, '2021-12-01'),
(993, 10, 42, 83, 1, '2021-12-01'),
(994, 10, 53, 84, 1, '2021-12-01'),
(995, 10, 43, 85, 1, '2021-12-01'),
(996, 10, 25, 86, 1, '2021-12-01'),
(997, 10, 38, 87, 1, '2021-12-01'),
(998, 10, 33, 88, 1, '2021-12-01'),
(999, 10, 31, 89, 1, '2021-12-01'),
(1000, 10, 51, 90, 1, '2021-12-01'),
(1001, 10, 59, 91, 1, '2021-12-01'),
(1002, 10, 35, 92, 1, '2021-12-01'),
(1003, 10, 39, 93, 1, '2021-12-01'),
(1004, 10, 26, 94, 1, '2021-12-01'),
(1005, 10, 25, 95, 1, '2021-12-01'),
(1006, 10, 39, 96, 1, '2021-12-01'),
(1007, 10, 27, 97, 1, '2021-12-01'),
(1008, 10, 37, 98, 1, '2021-12-01'),
(1009, 10, 60, 99, 1, '2021-12-01'),
(1010, 10, 37, 100, 1, '2021-12-01'),
(1011, 10, 36, 101, 1, '2021-12-01'),
(1012, 11, 67, 1, 1, '2021-12-01'),
(1013, 11, 69, 2, 1, '2021-12-01'),
(1014, 11, 61, 3, 1, '2021-12-01'),
(1015, 11, 50, 4, 1, '2021-12-01'),
(1016, 11, 52, 5, 1, '2021-12-01'),
(1017, 11, 79, 6, 1, '2021-12-01'),
(1018, 11, 55, 7, 1, '2021-12-01'),
(1019, 11, 54, 8, 1, '2021-12-01'),
(1020, 11, 64, 9, 1, '2021-12-01'),
(1021, 11, 74, 10, 1, '2021-12-01'),
(1022, 11, 62, 11, 1, '2021-12-01'),
(1023, 11, 78, 12, 1, '2021-12-01'),
(1024, 11, 85, 13, 1, '2021-12-01'),
(1025, 11, 88, 14, 1, '2021-12-01'),
(1026, 11, 78, 15, 1, '2021-12-01'),
(1027, 11, 65, 16, 1, '2021-12-01'),
(1028, 11, 54, 17, 1, '2021-12-01'),
(1029, 11, 56, 18, 1, '2021-12-01'),
(1030, 11, 90, 19, 1, '2021-12-01'),
(1031, 11, 83, 20, 1, '2021-12-01'),
(1032, 11, 59, 21, 1, '2021-12-01'),
(1033, 11, 53, 22, 1, '2021-12-01'),
(1034, 11, 66, 23, 1, '2021-12-01'),
(1035, 11, 72, 24, 1, '2021-12-01'),
(1036, 11, 63, 25, 1, '2021-12-01'),
(1037, 11, 90, 26, 1, '2021-12-01'),
(1038, 11, 59, 27, 1, '2021-12-01'),
(1039, 11, 50, 28, 1, '2021-12-01'),
(1040, 11, 57, 29, 1, '2021-12-01'),
(1041, 11, 75, 30, 1, '2021-12-01'),
(1042, 11, 60, 31, 1, '2021-12-01'),
(1043, 11, 51, 32, 1, '2021-12-01'),
(1044, 11, 82, 33, 1, '2021-12-01'),
(1045, 11, 68, 34, 1, '2021-12-01'),
(1046, 11, 70, 35, 1, '2021-12-01'),
(1047, 11, 61, 36, 1, '2021-12-01'),
(1048, 11, 84, 37, 1, '2021-12-01'),
(1049, 11, 61, 38, 1, '2021-12-01'),
(1050, 11, 59, 39, 1, '2021-12-01'),
(1051, 11, 77, 40, 1, '2021-12-01'),
(1052, 11, 62, 41, 1, '2021-12-01'),
(1053, 11, 59, 42, 1, '2021-12-01'),
(1054, 11, 62, 43, 1, '2021-12-01'),
(1055, 11, 73, 44, 1, '2021-12-01'),
(1056, 11, 66, 45, 1, '2021-12-01'),
(1057, 11, 64, 46, 1, '2021-12-01'),
(1058, 11, 79, 47, 1, '2021-12-01'),
(1059, 11, 75, 48, 1, '2021-12-01'),
(1060, 11, 51, 49, 1, '2021-12-01'),
(1061, 11, 90, 50, 1, '2021-12-01'),
(1062, 11, 64, 51, 1, '2021-12-01'),
(1063, 11, 56, 52, 1, '2021-12-01'),
(1064, 11, 61, 53, 1, '2021-12-01'),
(1065, 11, 61, 54, 1, '2021-12-01'),
(1066, 11, 87, 55, 1, '2021-12-01'),
(1067, 11, 50, 56, 1, '2021-12-01'),
(1068, 11, 74, 57, 1, '2021-12-01'),
(1069, 11, 83, 58, 1, '2021-12-01'),
(1070, 11, 60, 59, 1, '2021-12-01'),
(1071, 11, 88, 60, 1, '2021-12-01'),
(1072, 11, 89, 61, 1, '2021-12-01'),
(1073, 11, 75, 62, 1, '2021-12-01'),
(1074, 11, 51, 63, 1, '2021-12-01'),
(1075, 11, 59, 64, 1, '2021-12-01'),
(1076, 11, 60, 65, 1, '2021-12-01'),
(1077, 11, 75, 66, 1, '2021-12-01'),
(1078, 11, 61, 67, 1, '2021-12-01'),
(1079, 11, 61, 68, 1, '2021-12-01'),
(1080, 11, 73, 69, 1, '2021-12-01'),
(1081, 11, 66, 70, 1, '2021-12-01'),
(1082, 11, 54, 71, 1, '2021-12-01'),
(1083, 11, 63, 72, 1, '2021-12-01'),
(1084, 11, 89, 73, 1, '2021-12-01'),
(1085, 11, 73, 74, 1, '2021-12-01'),
(1086, 11, 58, 75, 1, '2021-12-01'),
(1087, 11, 53, 76, 1, '2021-12-01'),
(1088, 11, 80, 77, 1, '2021-12-01'),
(1089, 11, 80, 78, 1, '2021-12-01'),
(1090, 11, 63, 79, 1, '2021-12-01'),
(1091, 11, 82, 80, 1, '2021-12-01'),
(1092, 11, 84, 81, 1, '2021-12-01'),
(1093, 11, 84, 82, 1, '2021-12-01'),
(1094, 11, 77, 83, 1, '2021-12-01'),
(1095, 11, 84, 84, 1, '2021-12-01'),
(1096, 11, 50, 85, 1, '2021-12-01'),
(1097, 11, 77, 86, 1, '2021-12-01'),
(1098, 11, 52, 87, 1, '2021-12-01'),
(1099, 11, 55, 88, 1, '2021-12-01'),
(1100, 11, 54, 89, 1, '2021-12-01'),
(1101, 11, 56, 90, 1, '2021-12-01'),
(1102, 11, 74, 91, 1, '2021-12-01'),
(1103, 11, 86, 92, 1, '2021-12-01'),
(1104, 11, 68, 93, 1, '2021-12-01'),
(1105, 11, 51, 94, 1, '2021-12-01'),
(1106, 11, 70, 95, 1, '2021-12-01'),
(1107, 11, 76, 96, 1, '2021-12-01'),
(1108, 11, 54, 97, 1, '2021-12-01'),
(1109, 11, 58, 98, 1, '2021-12-01'),
(1110, 11, 87, 99, 1, '2021-12-01'),
(1111, 11, 69, 100, 1, '2021-12-01'),
(1112, 11, 50, 101, 1, '2021-12-01'),
(1113, 12, 69, 1, 1, '2021-12-01'),
(1114, 12, 73, 2, 1, '2021-12-01'),
(1115, 12, 152, 3, 1, '2021-12-01'),
(1116, 12, 89, 4, 1, '2021-12-01'),
(1117, 12, 104, 5, 1, '2021-12-01'),
(1118, 12, 125, 6, 1, '2021-12-01'),
(1119, 12, 116, 7, 1, '2021-12-01'),
(1120, 12, 98, 8, 1, '2021-12-01'),
(1121, 12, 112, 9, 1, '2021-12-01'),
(1122, 12, 61, 10, 1, '2021-12-01'),
(1123, 12, 47, 11, 1, '2021-12-01'),
(1124, 12, 84, 12, 1, '2021-12-01'),
(1125, 12, 115, 13, 1, '2021-12-01'),
(1126, 12, 137, 14, 1, '2021-12-01'),
(1127, 12, 109, 15, 1, '2021-12-01'),
(1128, 12, 121, 16, 1, '2021-12-01'),
(1129, 12, 32, 17, 1, '2021-12-01'),
(1130, 12, 69, 18, 1, '2021-12-01'),
(1131, 12, 94, 19, 1, '2021-12-01'),
(1132, 12, 141, 20, 1, '2021-12-01'),
(1133, 12, 96, 21, 1, '2021-12-01'),
(1134, 12, 142, 22, 1, '2021-12-01'),
(1135, 12, 81, 23, 1, '2021-12-01'),
(1136, 12, 147, 24, 1, '2021-12-01'),
(1137, 12, 118, 25, 1, '2021-12-01'),
(1138, 12, 89, 26, 1, '2021-12-01'),
(1139, 12, 143, 27, 1, '2021-12-01'),
(1140, 12, 48, 28, 1, '2021-12-01'),
(1141, 12, 39, 29, 1, '2021-12-01'),
(1142, 12, 101, 30, 1, '2021-12-01'),
(1143, 12, 73, 31, 1, '2021-12-01'),
(1144, 12, 67, 32, 1, '2021-12-01'),
(1145, 12, 64, 33, 1, '2021-12-01'),
(1146, 12, 122, 34, 1, '2021-12-01'),
(1147, 12, 98, 35, 1, '2021-12-01'),
(1148, 12, 76, 36, 1, '2021-12-01'),
(1149, 12, 147, 37, 1, '2021-12-01'),
(1150, 12, 59, 38, 1, '2021-12-01'),
(1151, 12, 129, 39, 1, '2021-12-01'),
(1152, 12, 83, 40, 1, '2021-12-01'),
(1153, 12, 60, 41, 1, '2021-12-01'),
(1154, 12, 54, 42, 1, '2021-12-01'),
(1155, 12, 130, 43, 1, '2021-12-01'),
(1156, 12, 38, 44, 1, '2021-12-01'),
(1157, 12, 149, 45, 1, '2021-12-01'),
(1158, 12, 150, 46, 1, '2021-12-01'),
(1159, 12, 98, 47, 1, '2021-12-01'),
(1160, 12, 51, 48, 1, '2021-12-01'),
(1161, 12, 98, 49, 1, '2021-12-01'),
(1162, 12, 82, 50, 1, '2021-12-01'),
(1163, 12, 103, 51, 1, '2021-12-01'),
(1164, 12, 153, 52, 1, '2021-12-01'),
(1165, 12, 79, 53, 1, '2021-12-01'),
(1166, 12, 70, 54, 1, '2021-12-01'),
(1167, 12, 43, 55, 1, '2021-12-01'),
(1168, 12, 155, 56, 1, '2021-12-01'),
(1169, 12, 103, 57, 1, '2021-12-01'),
(1170, 12, 134, 58, 1, '2021-12-01'),
(1171, 12, 33, 59, 1, '2021-12-01'),
(1172, 12, 96, 60, 1, '2021-12-01'),
(1173, 12, 53, 61, 1, '2021-12-01'),
(1174, 12, 101, 62, 1, '2021-12-01'),
(1175, 12, 83, 63, 1, '2021-12-01'),
(1176, 12, 32, 64, 1, '2021-12-01'),
(1177, 12, 120, 65, 1, '2021-12-01'),
(1178, 12, 138, 66, 1, '2021-12-01'),
(1179, 12, 39, 67, 1, '2021-12-01'),
(1180, 12, 78, 68, 1, '2021-12-01'),
(1181, 12, 119, 69, 1, '2021-12-01'),
(1182, 12, 31, 70, 1, '2021-12-01'),
(1183, 12, 109, 71, 1, '2021-12-01'),
(1184, 12, 146, 72, 1, '2021-12-01'),
(1185, 12, 32, 73, 1, '2021-12-01'),
(1186, 12, 60, 74, 1, '2021-12-01'),
(1187, 12, 42, 75, 1, '2021-12-01'),
(1188, 12, 122, 76, 1, '2021-12-01'),
(1189, 12, 93, 77, 1, '2021-12-01'),
(1190, 12, 123, 78, 1, '2021-12-01'),
(1191, 12, 44, 79, 1, '2021-12-01'),
(1192, 12, 143, 80, 1, '2021-12-01'),
(1193, 12, 130, 81, 1, '2021-12-01'),
(1194, 12, 114, 82, 1, '2021-12-01'),
(1195, 12, 134, 83, 1, '2021-12-01'),
(1196, 12, 67, 84, 1, '2021-12-01'),
(1197, 12, 80, 85, 1, '2021-12-01'),
(1198, 12, 144, 86, 1, '2021-12-01'),
(1199, 12, 40, 87, 1, '2021-12-01'),
(1200, 12, 137, 88, 1, '2021-12-01'),
(1201, 12, 159, 89, 1, '2021-12-01'),
(1202, 12, 57, 90, 1, '2021-12-01'),
(1203, 12, 146, 91, 1, '2021-12-01'),
(1204, 12, 111, 92, 1, '2021-12-01'),
(1205, 12, 140, 93, 1, '2021-12-01'),
(1206, 12, 95, 94, 1, '2021-12-01'),
(1207, 12, 121, 95, 1, '2021-12-01'),
(1208, 12, 93, 96, 1, '2021-12-01'),
(1209, 12, 82, 97, 1, '2021-12-01'),
(1210, 12, 42, 98, 1, '2021-12-01'),
(1211, 12, 114, 99, 1, '2021-12-01'),
(1212, 12, 63, 100, 1, '2021-12-01'),
(1213, 12, 39, 101, 1, '2021-12-01'),
(1214, 13, 13, 1, 1, '2021-12-01'),
(1215, 13, 9, 2, 1, '2021-12-01'),
(1216, 13, 1, 3, 1, '2021-12-01'),
(1217, 13, 5, 4, 1, '2021-12-01'),
(1218, 13, 11, 5, 1, '2021-12-01'),
(1219, 13, 12, 6, 1, '2021-12-01'),
(1220, 13, 15, 7, 1, '2021-12-01'),
(1221, 13, 8, 8, 1, '2021-12-01'),
(1222, 13, 0, 9, 1, '2021-12-01'),
(1223, 13, 11, 10, 1, '2021-12-01'),
(1224, 13, 0, 11, 1, '2021-12-01'),
(1225, 13, 1, 12, 1, '2021-12-01'),
(1226, 13, 9, 13, 1, '2021-12-01'),
(1227, 13, 0, 14, 1, '2021-12-01'),
(1228, 13, 13, 15, 1, '2021-12-01'),
(1229, 13, 5, 16, 1, '2021-12-01'),
(1230, 13, 1, 17, 1, '2021-12-01'),
(1231, 13, 10, 18, 1, '2021-12-01'),
(1232, 13, 10, 19, 1, '2021-12-01'),
(1233, 13, 6, 20, 1, '2021-12-01'),
(1234, 13, 8, 21, 1, '2021-12-01'),
(1235, 13, 11, 22, 1, '2021-12-01'),
(1236, 13, 9, 23, 1, '2021-12-01'),
(1237, 13, 8, 24, 1, '2021-12-01'),
(1238, 13, 12, 25, 1, '2021-12-01'),
(1239, 13, 7, 26, 1, '2021-12-01'),
(1240, 13, 15, 27, 1, '2021-12-01'),
(1241, 13, 2, 28, 1, '2021-12-01'),
(1242, 13, 14, 29, 1, '2021-12-01'),
(1243, 13, 10, 30, 1, '2021-12-01'),
(1244, 13, 12, 31, 1, '2021-12-01'),
(1245, 13, 5, 32, 1, '2021-12-01'),
(1246, 13, 4, 33, 1, '2021-12-01'),
(1247, 13, 7, 34, 1, '2021-12-01'),
(1248, 13, 1, 35, 1, '2021-12-01'),
(1249, 13, 3, 36, 1, '2021-12-01'),
(1250, 13, 13, 37, 1, '2021-12-01'),
(1251, 13, 6, 38, 1, '2021-12-01'),
(1252, 13, 1, 39, 1, '2021-12-01'),
(1253, 13, 2, 40, 1, '2021-12-01'),
(1254, 13, 7, 41, 1, '2021-12-01'),
(1255, 13, 15, 42, 1, '2021-12-01'),
(1256, 13, 11, 43, 1, '2021-12-01'),
(1257, 13, 13, 44, 1, '2021-12-01'),
(1258, 13, 7, 45, 1, '2021-12-01'),
(1259, 13, 1, 46, 1, '2021-12-01'),
(1260, 13, 9, 47, 1, '2021-12-01'),
(1261, 13, 13, 48, 1, '2021-12-01'),
(1262, 13, 1, 49, 1, '2021-12-01'),
(1263, 13, 11, 50, 1, '2021-12-01'),
(1264, 13, 10, 51, 1, '2021-12-01'),
(1265, 13, 0, 52, 1, '2021-12-01'),
(1266, 13, 12, 53, 1, '2021-12-01'),
(1267, 13, 9, 54, 1, '2021-12-01'),
(1268, 13, 2, 55, 1, '2021-12-01'),
(1269, 13, 7, 56, 1, '2021-12-01'),
(1270, 13, 3, 57, 1, '2021-12-01'),
(1271, 13, 14, 58, 1, '2021-12-01'),
(1272, 13, 7, 59, 1, '2021-12-01'),
(1273, 13, 6, 60, 1, '2021-12-01'),
(1274, 13, 9, 61, 1, '2021-12-01'),
(1275, 13, 0, 62, 1, '2021-12-01'),
(1276, 13, 11, 63, 1, '2021-12-01'),
(1277, 13, 6, 64, 1, '2021-12-01'),
(1278, 13, 8, 65, 1, '2021-12-01'),
(1279, 13, 2, 66, 1, '2021-12-01'),
(1280, 13, 6, 67, 1, '2021-12-01'),
(1281, 13, 1, 68, 1, '2021-12-01'),
(1282, 13, 3, 69, 1, '2021-12-01'),
(1283, 13, 2, 70, 1, '2021-12-01'),
(1284, 13, 7, 71, 1, '2021-12-01'),
(1285, 13, 13, 72, 1, '2021-12-01'),
(1286, 13, 4, 73, 1, '2021-12-01'),
(1287, 13, 8, 74, 1, '2021-12-01'),
(1288, 13, 7, 75, 1, '2021-12-01'),
(1289, 13, 12, 76, 1, '2021-12-01'),
(1290, 13, 9, 77, 1, '2021-12-01'),
(1291, 13, 3, 78, 1, '2021-12-01'),
(1292, 13, 3, 79, 1, '2021-12-01'),
(1293, 13, 4, 80, 1, '2021-12-01'),
(1294, 13, 3, 81, 1, '2021-12-01'),
(1295, 13, 15, 82, 1, '2021-12-01'),
(1296, 13, 7, 83, 1, '2021-12-01'),
(1297, 13, 11, 84, 1, '2021-12-01'),
(1298, 13, 0, 85, 1, '2021-12-01'),
(1299, 13, 15, 86, 1, '2021-12-01'),
(1300, 13, 11, 87, 1, '2021-12-01'),
(1301, 13, 8, 88, 1, '2021-12-01'),
(1302, 13, 4, 89, 1, '2021-12-01'),
(1303, 13, 12, 90, 1, '2021-12-01'),
(1304, 13, 4, 91, 1, '2021-12-01'),
(1305, 13, 9, 92, 1, '2021-12-01'),
(1306, 13, 13, 93, 1, '2021-12-01'),
(1307, 13, 3, 94, 1, '2021-12-01'),
(1308, 13, 3, 95, 1, '2021-12-01'),
(1309, 13, 4, 96, 1, '2021-12-01'),
(1310, 13, 8, 97, 1, '2021-12-01'),
(1311, 13, 0, 98, 1, '2021-12-01'),
(1312, 13, 9, 99, 1, '2021-12-01'),
(1313, 13, 5, 100, 1, '2021-12-01'),
(1314, 13, 11, 101, 1, '2021-12-01'),
(1315, 14, 7, 1, 1, '2021-12-01'),
(1316, 14, 3, 2, 1, '2021-12-01'),
(1317, 14, 8, 3, 1, '2021-12-01'),
(1318, 14, 8, 4, 1, '2021-12-01'),
(1319, 14, 3, 5, 1, '2021-12-01'),
(1320, 14, 3, 6, 1, '2021-12-01'),
(1321, 14, 5, 7, 1, '2021-12-01'),
(1322, 14, 8, 8, 1, '2021-12-01'),
(1323, 14, 6, 9, 1, '2021-12-01'),
(1324, 14, 4, 10, 1, '2021-12-01'),
(1325, 14, 6, 11, 1, '2021-12-01'),
(1326, 14, 4, 12, 1, '2021-12-01'),
(1327, 14, 4, 13, 1, '2021-12-01'),
(1328, 14, 3, 14, 1, '2021-12-01'),
(1329, 14, 5, 15, 1, '2021-12-01'),
(1330, 14, 6, 16, 1, '2021-12-01'),
(1331, 14, 4, 17, 1, '2021-12-01'),
(1332, 14, 8, 18, 1, '2021-12-01'),
(1333, 14, 7, 19, 1, '2021-12-01'),
(1334, 14, 6, 20, 1, '2021-12-01'),
(1335, 14, 4, 21, 1, '2021-12-01'),
(1336, 14, 8, 22, 1, '2021-12-01'),
(1337, 14, 8, 23, 1, '2021-12-01'),
(1338, 14, 4, 24, 1, '2021-12-01'),
(1339, 14, 8, 25, 1, '2021-12-01'),
(1340, 14, 8, 26, 1, '2021-12-01'),
(1341, 14, 6, 27, 1, '2021-12-01'),
(1342, 14, 6, 28, 1, '2021-12-01'),
(1343, 14, 5, 29, 1, '2021-12-01'),
(1344, 14, 4, 30, 1, '2021-12-01'),
(1345, 14, 5, 31, 1, '2021-12-01'),
(1346, 14, 6, 32, 1, '2021-12-01'),
(1347, 14, 7, 33, 1, '2021-12-01'),
(1348, 14, 3, 34, 1, '2021-12-01'),
(1349, 14, 7, 35, 1, '2021-12-01'),
(1350, 14, 4, 36, 1, '2021-12-01'),
(1351, 14, 4, 37, 1, '2021-12-01'),
(1352, 14, 3, 38, 1, '2021-12-01'),
(1353, 14, 8, 39, 1, '2021-12-01'),
(1354, 14, 4, 40, 1, '2021-12-01'),
(1355, 14, 3, 41, 1, '2021-12-01'),
(1356, 14, 7, 42, 1, '2021-12-01'),
(1357, 14, 3, 43, 1, '2021-12-01'),
(1358, 14, 6, 44, 1, '2021-12-01'),
(1359, 14, 4, 45, 1, '2021-12-01'),
(1360, 14, 4, 46, 1, '2021-12-01'),
(1361, 14, 6, 47, 1, '2021-12-01'),
(1362, 14, 7, 48, 1, '2021-12-01'),
(1363, 14, 6, 49, 1, '2021-12-01'),
(1364, 14, 8, 50, 1, '2021-12-01'),
(1365, 14, 8, 51, 1, '2021-12-01'),
(1366, 14, 8, 52, 1, '2021-12-01'),
(1367, 14, 6, 53, 1, '2021-12-01'),
(1368, 14, 6, 54, 1, '2021-12-01'),
(1369, 14, 3, 55, 1, '2021-12-01'),
(1370, 14, 5, 56, 1, '2021-12-01'),
(1371, 14, 5, 57, 1, '2021-12-01'),
(1372, 14, 8, 58, 1, '2021-12-01'),
(1373, 14, 4, 59, 1, '2021-12-01'),
(1374, 14, 3, 60, 1, '2021-12-01'),
(1375, 14, 5, 61, 1, '2021-12-01'),
(1376, 14, 4, 62, 1, '2021-12-01'),
(1377, 14, 6, 63, 1, '2021-12-01'),
(1378, 14, 7, 64, 1, '2021-12-01'),
(1379, 14, 3, 65, 1, '2021-12-01'),
(1380, 14, 7, 66, 1, '2021-12-01'),
(1381, 14, 8, 67, 1, '2021-12-01'),
(1382, 14, 7, 68, 1, '2021-12-01'),
(1383, 14, 4, 69, 1, '2021-12-01'),
(1384, 14, 6, 70, 1, '2021-12-01'),
(1385, 14, 8, 71, 1, '2021-12-01'),
(1386, 14, 5, 72, 1, '2021-12-01'),
(1387, 14, 5, 73, 1, '2021-12-01'),
(1388, 14, 8, 74, 1, '2021-12-01'),
(1389, 14, 3, 75, 1, '2021-12-01'),
(1390, 14, 5, 76, 1, '2021-12-01'),
(1391, 14, 4, 77, 1, '2021-12-01'),
(1392, 14, 4, 78, 1, '2021-12-01'),
(1393, 14, 6, 79, 1, '2021-12-01'),
(1394, 14, 6, 80, 1, '2021-12-01'),
(1395, 14, 4, 81, 1, '2021-12-01'),
(1396, 14, 6, 82, 1, '2021-12-01'),
(1397, 14, 8, 83, 1, '2021-12-01'),
(1398, 14, 6, 84, 1, '2021-12-01'),
(1399, 14, 4, 85, 1, '2021-12-01'),
(1400, 14, 7, 86, 1, '2021-12-01'),
(1401, 14, 4, 87, 1, '2021-12-01'),
(1402, 14, 5, 88, 1, '2021-12-01'),
(1403, 14, 6, 89, 1, '2021-12-01'),
(1404, 14, 4, 90, 1, '2021-12-01'),
(1405, 14, 3, 91, 1, '2021-12-01'),
(1406, 14, 7, 92, 1, '2021-12-01'),
(1407, 14, 4, 93, 1, '2021-12-01'),
(1408, 14, 3, 94, 1, '2021-12-01'),
(1409, 14, 5, 95, 1, '2021-12-01'),
(1410, 14, 7, 96, 1, '2021-12-01'),
(1411, 14, 5, 97, 1, '2021-12-01'),
(1412, 14, 5, 98, 1, '2021-12-01'),
(1413, 14, 8, 99, 1, '2021-12-01'),
(1414, 14, 8, 100, 1, '2021-12-01'),
(1415, 14, 7, 101, 1, '2021-12-01'),
(1416, 15, 9, 1, 1, '2021-12-01'),
(1417, 15, 7, 2, 1, '2021-12-01'),
(1418, 15, 9, 3, 1, '2021-12-01'),
(1419, 15, 10, 4, 1, '2021-12-01'),
(1420, 15, 7, 5, 1, '2021-12-01'),
(1421, 15, 8, 6, 1, '2021-12-01'),
(1422, 15, 10, 7, 1, '2021-12-01'),
(1423, 15, 10, 8, 1, '2021-12-01'),
(1424, 15, 8, 9, 1, '2021-12-01'),
(1425, 15, 7, 10, 1, '2021-12-01'),
(1426, 15, 8, 11, 1, '2021-12-01'),
(1427, 15, 8, 12, 1, '2021-12-01'),
(1428, 15, 7, 13, 1, '2021-12-01'),
(1429, 15, 9, 14, 1, '2021-12-01'),
(1430, 15, 10, 15, 1, '2021-12-01'),
(1431, 15, 9, 16, 1, '2021-12-01'),
(1432, 15, 8, 17, 1, '2021-12-01'),
(1433, 15, 7, 18, 1, '2021-12-01'),
(1434, 15, 10, 19, 1, '2021-12-01'),
(1435, 15, 8, 20, 1, '2021-12-01'),
(1436, 15, 10, 21, 1, '2021-12-01'),
(1437, 15, 7, 22, 1, '2021-12-01'),
(1438, 15, 7, 23, 1, '2021-12-01'),
(1439, 15, 8, 24, 1, '2021-12-01'),
(1440, 15, 10, 25, 1, '2021-12-01'),
(1441, 15, 8, 26, 1, '2021-12-01'),
(1442, 15, 9, 27, 1, '2021-12-01'),
(1443, 15, 10, 28, 1, '2021-12-01'),
(1444, 15, 10, 29, 1, '2021-12-01'),
(1445, 15, 8, 30, 1, '2021-12-01'),
(1446, 15, 10, 31, 1, '2021-12-01'),
(1447, 15, 8, 32, 1, '2021-12-01'),
(1448, 15, 8, 33, 1, '2021-12-01'),
(1449, 15, 8, 34, 1, '2021-12-01'),
(1450, 15, 10, 35, 1, '2021-12-01'),
(1451, 15, 8, 36, 1, '2021-12-01'),
(1452, 15, 9, 37, 1, '2021-12-01'),
(1453, 15, 8, 38, 1, '2021-12-01'),
(1454, 15, 10, 39, 1, '2021-12-01'),
(1455, 15, 10, 40, 1, '2021-12-01'),
(1456, 15, 8, 41, 1, '2021-12-01'),
(1457, 15, 10, 42, 1, '2021-12-01'),
(1458, 15, 9, 43, 1, '2021-12-01'),
(1459, 15, 10, 44, 1, '2021-12-01'),
(1460, 15, 10, 45, 1, '2021-12-01'),
(1461, 15, 7, 46, 1, '2021-12-01'),
(1462, 15, 9, 47, 1, '2021-12-01'),
(1463, 15, 9, 48, 1, '2021-12-01'),
(1464, 15, 10, 49, 1, '2021-12-01'),
(1465, 15, 7, 50, 1, '2021-12-01'),
(1466, 15, 8, 51, 1, '2021-12-01'),
(1467, 15, 10, 52, 1, '2021-12-01'),
(1468, 15, 7, 53, 1, '2021-12-01'),
(1469, 15, 8, 54, 1, '2021-12-01'),
(1470, 15, 9, 55, 1, '2021-12-01'),
(1471, 15, 8, 56, 1, '2021-12-01'),
(1472, 15, 7, 57, 1, '2021-12-01'),
(1473, 15, 7, 58, 1, '2021-12-01'),
(1474, 15, 10, 59, 1, '2021-12-01'),
(1475, 15, 7, 60, 1, '2021-12-01'),
(1476, 15, 7, 61, 1, '2021-12-01'),
(1477, 15, 8, 62, 1, '2021-12-01'),
(1478, 15, 7, 63, 1, '2021-12-01'),
(1479, 15, 10, 64, 1, '2021-12-01'),
(1480, 15, 8, 65, 1, '2021-12-01');
INSERT INTO `blood_tests_taken` (`blood_tests_taken_id`, `blood_tests_component_id`, `blood_tests_component_value`, `blood_tests_taken_from_id`, `blood_tests_taken_by_id`, `blood_tests_taken_date`) VALUES
(1481, 15, 7, 66, 1, '2021-12-01'),
(1482, 15, 9, 67, 1, '2021-12-01'),
(1483, 15, 9, 68, 1, '2021-12-01'),
(1484, 15, 8, 69, 1, '2021-12-01'),
(1485, 15, 8, 70, 1, '2021-12-01'),
(1486, 15, 7, 71, 1, '2021-12-01'),
(1487, 15, 8, 72, 1, '2021-12-01'),
(1488, 15, 9, 73, 1, '2021-12-01'),
(1489, 15, 7, 74, 1, '2021-12-01'),
(1490, 15, 10, 75, 1, '2021-12-01'),
(1491, 15, 7, 76, 1, '2021-12-01'),
(1492, 15, 8, 77, 1, '2021-12-01'),
(1493, 15, 9, 78, 1, '2021-12-01'),
(1494, 15, 9, 79, 1, '2021-12-01'),
(1495, 15, 7, 80, 1, '2021-12-01'),
(1496, 15, 10, 81, 1, '2021-12-01'),
(1497, 15, 9, 82, 1, '2021-12-01'),
(1498, 15, 9, 83, 1, '2021-12-01'),
(1499, 15, 7, 84, 1, '2021-12-01'),
(1500, 15, 9, 85, 1, '2021-12-01'),
(1501, 15, 7, 86, 1, '2021-12-01'),
(1502, 15, 7, 87, 1, '2021-12-01'),
(1503, 15, 9, 88, 1, '2021-12-01'),
(1504, 15, 7, 89, 1, '2021-12-01'),
(1505, 15, 7, 90, 1, '2021-12-01'),
(1506, 15, 10, 91, 1, '2021-12-01'),
(1507, 15, 8, 92, 1, '2021-12-01'),
(1508, 15, 10, 93, 1, '2021-12-01'),
(1509, 15, 7, 94, 1, '2021-12-01'),
(1510, 15, 8, 95, 1, '2021-12-01'),
(1511, 15, 7, 96, 1, '2021-12-01'),
(1512, 15, 10, 97, 1, '2021-12-01'),
(1513, 15, 8, 98, 1, '2021-12-01'),
(1514, 15, 9, 99, 1, '2021-12-01'),
(1515, 15, 9, 100, 1, '2021-12-01'),
(1516, 15, 9, 101, 1, '2021-12-01'),
(1517, 16, 99, 1, 1, '2021-12-01'),
(1518, 16, 95, 2, 1, '2021-12-01'),
(1519, 16, 103, 3, 1, '2021-12-01'),
(1520, 16, 99, 4, 1, '2021-12-01'),
(1521, 16, 111, 5, 1, '2021-12-01'),
(1522, 16, 96, 6, 1, '2021-12-01'),
(1523, 16, 105, 7, 1, '2021-12-01'),
(1524, 16, 104, 8, 1, '2021-12-01'),
(1525, 16, 112, 9, 1, '2021-12-01'),
(1526, 16, 113, 10, 1, '2021-12-01'),
(1527, 16, 107, 11, 1, '2021-12-01'),
(1528, 16, 95, 12, 1, '2021-12-01'),
(1529, 16, 106, 13, 1, '2021-12-01'),
(1530, 16, 103, 14, 1, '2021-12-01'),
(1531, 16, 112, 15, 1, '2021-12-01'),
(1532, 16, 111, 16, 1, '2021-12-01'),
(1533, 16, 109, 17, 1, '2021-12-01'),
(1534, 16, 112, 18, 1, '2021-12-01'),
(1535, 16, 115, 19, 1, '2021-12-01'),
(1536, 16, 112, 20, 1, '2021-12-01'),
(1537, 16, 103, 21, 1, '2021-12-01'),
(1538, 16, 113, 22, 1, '2021-12-01'),
(1539, 16, 98, 23, 1, '2021-12-01'),
(1540, 16, 109, 24, 1, '2021-12-01'),
(1541, 16, 110, 25, 1, '2021-12-01'),
(1542, 16, 113, 26, 1, '2021-12-01'),
(1543, 16, 102, 27, 1, '2021-12-01'),
(1544, 16, 112, 28, 1, '2021-12-01'),
(1545, 16, 115, 29, 1, '2021-12-01'),
(1546, 16, 107, 30, 1, '2021-12-01'),
(1547, 16, 102, 31, 1, '2021-12-01'),
(1548, 16, 114, 32, 1, '2021-12-01'),
(1549, 16, 111, 33, 1, '2021-12-01'),
(1550, 16, 114, 34, 1, '2021-12-01'),
(1551, 16, 105, 35, 1, '2021-12-01'),
(1552, 16, 115, 36, 1, '2021-12-01'),
(1553, 16, 95, 37, 1, '2021-12-01'),
(1554, 16, 101, 38, 1, '2021-12-01'),
(1555, 16, 111, 39, 1, '2021-12-01'),
(1556, 16, 101, 40, 1, '2021-12-01'),
(1557, 16, 95, 41, 1, '2021-12-01'),
(1558, 16, 111, 42, 1, '2021-12-01'),
(1559, 16, 115, 43, 1, '2021-12-01'),
(1560, 16, 105, 44, 1, '2021-12-01'),
(1561, 16, 103, 45, 1, '2021-12-01'),
(1562, 16, 107, 46, 1, '2021-12-01'),
(1563, 16, 108, 47, 1, '2021-12-01'),
(1564, 16, 98, 48, 1, '2021-12-01'),
(1565, 16, 99, 49, 1, '2021-12-01'),
(1566, 16, 115, 50, 1, '2021-12-01'),
(1567, 16, 115, 51, 1, '2021-12-01'),
(1568, 16, 95, 52, 1, '2021-12-01'),
(1569, 16, 115, 53, 1, '2021-12-01'),
(1570, 16, 111, 54, 1, '2021-12-01'),
(1571, 16, 102, 55, 1, '2021-12-01'),
(1572, 16, 110, 56, 1, '2021-12-01'),
(1573, 16, 95, 57, 1, '2021-12-01'),
(1574, 16, 98, 58, 1, '2021-12-01'),
(1575, 16, 99, 59, 1, '2021-12-01'),
(1576, 16, 102, 60, 1, '2021-12-01'),
(1577, 16, 105, 61, 1, '2021-12-01'),
(1578, 16, 110, 62, 1, '2021-12-01'),
(1579, 16, 115, 63, 1, '2021-12-01'),
(1580, 16, 95, 64, 1, '2021-12-01'),
(1581, 16, 96, 65, 1, '2021-12-01'),
(1582, 16, 109, 66, 1, '2021-12-01'),
(1583, 16, 112, 67, 1, '2021-12-01'),
(1584, 16, 103, 68, 1, '2021-12-01'),
(1585, 16, 112, 69, 1, '2021-12-01'),
(1586, 16, 111, 70, 1, '2021-12-01'),
(1587, 16, 108, 71, 1, '2021-12-01'),
(1588, 16, 99, 72, 1, '2021-12-01'),
(1589, 16, 104, 73, 1, '2021-12-01'),
(1590, 16, 115, 74, 1, '2021-12-01'),
(1591, 16, 95, 75, 1, '2021-12-01'),
(1592, 16, 109, 76, 1, '2021-12-01'),
(1593, 16, 97, 77, 1, '2021-12-01'),
(1594, 16, 99, 78, 1, '2021-12-01'),
(1595, 16, 104, 79, 1, '2021-12-01'),
(1596, 16, 104, 80, 1, '2021-12-01'),
(1597, 16, 114, 81, 1, '2021-12-01'),
(1598, 16, 106, 82, 1, '2021-12-01'),
(1599, 16, 98, 83, 1, '2021-12-01'),
(1600, 16, 109, 84, 1, '2021-12-01'),
(1601, 16, 107, 85, 1, '2021-12-01'),
(1602, 16, 108, 86, 1, '2021-12-01'),
(1603, 16, 115, 87, 1, '2021-12-01'),
(1604, 16, 95, 88, 1, '2021-12-01'),
(1605, 16, 95, 89, 1, '2021-12-01'),
(1606, 16, 102, 90, 1, '2021-12-01'),
(1607, 16, 112, 91, 1, '2021-12-01'),
(1608, 16, 107, 92, 1, '2021-12-01'),
(1609, 16, 110, 93, 1, '2021-12-01'),
(1610, 16, 111, 94, 1, '2021-12-01'),
(1611, 16, 97, 95, 1, '2021-12-01'),
(1612, 16, 114, 96, 1, '2021-12-01'),
(1613, 16, 106, 97, 1, '2021-12-01'),
(1614, 16, 105, 98, 1, '2021-12-01'),
(1615, 16, 97, 99, 1, '2021-12-01'),
(1616, 16, 113, 100, 1, '2021-12-01'),
(1617, 16, 112, 101, 1, '2021-12-01'),
(1618, 17, 96, 1, 1, '2021-12-01'),
(1619, 17, 45, 2, 1, '2021-12-01'),
(1620, 17, 72, 3, 1, '2021-12-01'),
(1621, 17, 56, 4, 1, '2021-12-01'),
(1622, 17, 108, 5, 1, '2021-12-01'),
(1623, 17, 69, 6, 1, '2021-12-01'),
(1624, 17, 54, 7, 1, '2021-12-01'),
(1625, 17, 75, 8, 1, '2021-12-01'),
(1626, 17, 97, 9, 1, '2021-12-01'),
(1627, 17, 86, 10, 1, '2021-12-01'),
(1628, 17, 50, 11, 1, '2021-12-01'),
(1629, 17, 86, 12, 1, '2021-12-01'),
(1630, 17, 87, 13, 1, '2021-12-01'),
(1631, 17, 54, 14, 1, '2021-12-01'),
(1632, 17, 50, 15, 1, '2021-12-01'),
(1633, 17, 83, 16, 1, '2021-12-01'),
(1634, 17, 52, 17, 1, '2021-12-01'),
(1635, 17, 84, 18, 1, '2021-12-01'),
(1636, 17, 62, 19, 1, '2021-12-01'),
(1637, 17, 98, 20, 1, '2021-12-01'),
(1638, 17, 72, 21, 1, '2021-12-01'),
(1639, 17, 99, 22, 1, '2021-12-01'),
(1640, 17, 87, 23, 1, '2021-12-01'),
(1641, 17, 102, 24, 1, '2021-12-01'),
(1642, 17, 95, 25, 1, '2021-12-01'),
(1643, 17, 102, 26, 1, '2021-12-01'),
(1644, 17, 60, 27, 1, '2021-12-01'),
(1645, 17, 59, 28, 1, '2021-12-01'),
(1646, 17, 65, 29, 1, '2021-12-01'),
(1647, 17, 101, 30, 1, '2021-12-01'),
(1648, 17, 57, 31, 1, '2021-12-01'),
(1649, 17, 55, 32, 1, '2021-12-01'),
(1650, 17, 63, 33, 1, '2021-12-01'),
(1651, 17, 54, 34, 1, '2021-12-01'),
(1652, 17, 105, 35, 1, '2021-12-01'),
(1653, 17, 87, 36, 1, '2021-12-01'),
(1654, 17, 71, 37, 1, '2021-12-01'),
(1655, 17, 47, 38, 1, '2021-12-01'),
(1656, 17, 77, 39, 1, '2021-12-01'),
(1657, 17, 65, 40, 1, '2021-12-01'),
(1658, 17, 76, 41, 1, '2021-12-01'),
(1659, 17, 63, 42, 1, '2021-12-01'),
(1660, 17, 98, 43, 1, '2021-12-01'),
(1661, 17, 58, 44, 1, '2021-12-01'),
(1662, 17, 81, 45, 1, '2021-12-01'),
(1663, 17, 98, 46, 1, '2021-12-01'),
(1664, 17, 89, 47, 1, '2021-12-01'),
(1665, 17, 98, 48, 1, '2021-12-01'),
(1666, 17, 85, 49, 1, '2021-12-01'),
(1667, 17, 72, 50, 1, '2021-12-01'),
(1668, 17, 67, 51, 1, '2021-12-01'),
(1669, 17, 63, 52, 1, '2021-12-01'),
(1670, 17, 78, 53, 1, '2021-12-01'),
(1671, 17, 52, 54, 1, '2021-12-01'),
(1672, 17, 61, 55, 1, '2021-12-01'),
(1673, 17, 93, 56, 1, '2021-12-01'),
(1674, 17, 75, 57, 1, '2021-12-01'),
(1675, 17, 94, 58, 1, '2021-12-01'),
(1676, 17, 91, 59, 1, '2021-12-01'),
(1677, 17, 48, 60, 1, '2021-12-01'),
(1678, 17, 100, 61, 1, '2021-12-01'),
(1679, 17, 57, 62, 1, '2021-12-01'),
(1680, 17, 96, 63, 1, '2021-12-01'),
(1681, 17, 99, 64, 1, '2021-12-01'),
(1682, 17, 102, 65, 1, '2021-12-01'),
(1683, 17, 71, 66, 1, '2021-12-01'),
(1684, 17, 65, 67, 1, '2021-12-01'),
(1685, 17, 59, 68, 1, '2021-12-01'),
(1686, 17, 47, 69, 1, '2021-12-01'),
(1687, 17, 86, 70, 1, '2021-12-01'),
(1688, 17, 89, 71, 1, '2021-12-01'),
(1689, 17, 107, 72, 1, '2021-12-01'),
(1690, 17, 107, 73, 1, '2021-12-01'),
(1691, 17, 78, 74, 1, '2021-12-01'),
(1692, 17, 68, 75, 1, '2021-12-01'),
(1693, 17, 109, 76, 1, '2021-12-01'),
(1694, 17, 102, 77, 1, '2021-12-01'),
(1695, 17, 88, 78, 1, '2021-12-01'),
(1696, 17, 72, 79, 1, '2021-12-01'),
(1697, 17, 76, 80, 1, '2021-12-01'),
(1698, 17, 89, 81, 1, '2021-12-01'),
(1699, 17, 70, 82, 1, '2021-12-01'),
(1700, 17, 109, 83, 1, '2021-12-01'),
(1701, 17, 110, 84, 1, '2021-12-01'),
(1702, 17, 55, 85, 1, '2021-12-01'),
(1703, 17, 100, 86, 1, '2021-12-01'),
(1704, 17, 103, 87, 1, '2021-12-01'),
(1705, 17, 46, 88, 1, '2021-12-01'),
(1706, 17, 99, 89, 1, '2021-12-01'),
(1707, 17, 54, 90, 1, '2021-12-01'),
(1708, 17, 103, 91, 1, '2021-12-01'),
(1709, 17, 78, 92, 1, '2021-12-01'),
(1710, 17, 79, 93, 1, '2021-12-01'),
(1711, 17, 47, 94, 1, '2021-12-01'),
(1712, 17, 52, 95, 1, '2021-12-01'),
(1713, 17, 61, 96, 1, '2021-12-01'),
(1714, 17, 109, 97, 1, '2021-12-01'),
(1715, 17, 72, 98, 1, '2021-12-01'),
(1716, 17, 89, 99, 1, '2021-12-01'),
(1717, 17, 62, 100, 1, '2021-12-01'),
(1718, 17, 89, 101, 1, '2021-12-01'),
(1719, 18, 7, 1, 1, '2021-12-01'),
(1720, 18, 10, 2, 1, '2021-12-01'),
(1721, 18, 7, 3, 1, '2021-12-01'),
(1722, 18, 9, 4, 1, '2021-12-01'),
(1723, 18, 9, 5, 1, '2021-12-01'),
(1724, 18, 7, 6, 1, '2021-12-01'),
(1725, 18, 7, 7, 1, '2021-12-01'),
(1726, 18, 9, 8, 1, '2021-12-01'),
(1727, 18, 12, 9, 1, '2021-12-01'),
(1728, 18, 7, 10, 1, '2021-12-01'),
(1729, 18, 7, 11, 1, '2021-12-01'),
(1730, 18, 7, 12, 1, '2021-12-01'),
(1731, 18, 11, 13, 1, '2021-12-01'),
(1732, 18, 11, 14, 1, '2021-12-01'),
(1733, 18, 7, 15, 1, '2021-12-01'),
(1734, 18, 11, 16, 1, '2021-12-01'),
(1735, 18, 8, 17, 1, '2021-12-01'),
(1736, 18, 8, 18, 1, '2021-12-01'),
(1737, 18, 8, 19, 1, '2021-12-01'),
(1738, 18, 8, 20, 1, '2021-12-01'),
(1739, 18, 11, 21, 1, '2021-12-01'),
(1740, 18, 9, 22, 1, '2021-12-01'),
(1741, 18, 11, 23, 1, '2021-12-01'),
(1742, 18, 9, 24, 1, '2021-12-01'),
(1743, 18, 11, 25, 1, '2021-12-01'),
(1744, 18, 10, 26, 1, '2021-12-01'),
(1745, 18, 11, 27, 1, '2021-12-01'),
(1746, 18, 11, 28, 1, '2021-12-01'),
(1747, 18, 10, 29, 1, '2021-12-01'),
(1748, 18, 9, 30, 1, '2021-12-01'),
(1749, 18, 10, 31, 1, '2021-12-01'),
(1750, 18, 10, 32, 1, '2021-12-01'),
(1751, 18, 10, 33, 1, '2021-12-01'),
(1752, 18, 12, 34, 1, '2021-12-01'),
(1753, 18, 9, 35, 1, '2021-12-01'),
(1754, 18, 11, 36, 1, '2021-12-01'),
(1755, 18, 12, 37, 1, '2021-12-01'),
(1756, 18, 9, 38, 1, '2021-12-01'),
(1757, 18, 7, 39, 1, '2021-12-01'),
(1758, 18, 10, 40, 1, '2021-12-01'),
(1759, 18, 11, 41, 1, '2021-12-01'),
(1760, 18, 11, 42, 1, '2021-12-01'),
(1761, 18, 7, 43, 1, '2021-12-01'),
(1762, 18, 12, 44, 1, '2021-12-01'),
(1763, 18, 12, 45, 1, '2021-12-01'),
(1764, 18, 10, 46, 1, '2021-12-01'),
(1765, 18, 8, 47, 1, '2021-12-01'),
(1766, 18, 10, 48, 1, '2021-12-01'),
(1767, 18, 9, 49, 1, '2021-12-01'),
(1768, 18, 8, 50, 1, '2021-12-01'),
(1769, 18, 10, 51, 1, '2021-12-01'),
(1770, 18, 11, 52, 1, '2021-12-01'),
(1771, 18, 9, 53, 1, '2021-12-01'),
(1772, 18, 8, 54, 1, '2021-12-01'),
(1773, 18, 8, 55, 1, '2021-12-01'),
(1774, 18, 10, 56, 1, '2021-12-01'),
(1775, 18, 8, 57, 1, '2021-12-01'),
(1776, 18, 7, 58, 1, '2021-12-01'),
(1777, 18, 7, 59, 1, '2021-12-01'),
(1778, 18, 7, 60, 1, '2021-12-01'),
(1779, 18, 12, 61, 1, '2021-12-01'),
(1780, 18, 8, 62, 1, '2021-12-01'),
(1781, 18, 12, 63, 1, '2021-12-01'),
(1782, 18, 10, 64, 1, '2021-12-01'),
(1783, 18, 12, 65, 1, '2021-12-01'),
(1784, 18, 11, 66, 1, '2021-12-01'),
(1785, 18, 8, 67, 1, '2021-12-01'),
(1786, 18, 7, 68, 1, '2021-12-01'),
(1787, 18, 9, 69, 1, '2021-12-01'),
(1788, 18, 9, 70, 1, '2021-12-01'),
(1789, 18, 8, 71, 1, '2021-12-01'),
(1790, 18, 12, 72, 1, '2021-12-01'),
(1791, 18, 8, 73, 1, '2021-12-01'),
(1792, 18, 10, 74, 1, '2021-12-01'),
(1793, 18, 11, 75, 1, '2021-12-01'),
(1794, 18, 9, 76, 1, '2021-12-01'),
(1795, 18, 7, 77, 1, '2021-12-01'),
(1796, 18, 11, 78, 1, '2021-12-01'),
(1797, 18, 7, 79, 1, '2021-12-01'),
(1798, 18, 7, 80, 1, '2021-12-01'),
(1799, 18, 10, 81, 1, '2021-12-01'),
(1800, 18, 11, 82, 1, '2021-12-01'),
(1801, 18, 8, 83, 1, '2021-12-01'),
(1802, 18, 9, 84, 1, '2021-12-01'),
(1803, 18, 10, 85, 1, '2021-12-01'),
(1804, 18, 10, 86, 1, '2021-12-01'),
(1805, 18, 8, 87, 1, '2021-12-01'),
(1806, 18, 12, 88, 1, '2021-12-01'),
(1807, 18, 8, 89, 1, '2021-12-01'),
(1808, 18, 10, 90, 1, '2021-12-01'),
(1809, 18, 7, 91, 1, '2021-12-01'),
(1810, 18, 12, 92, 1, '2021-12-01'),
(1811, 18, 11, 93, 1, '2021-12-01'),
(1812, 18, 7, 94, 1, '2021-12-01'),
(1813, 18, 11, 95, 1, '2021-12-01'),
(1814, 18, 9, 96, 1, '2021-12-01'),
(1815, 18, 11, 97, 1, '2021-12-01'),
(1816, 18, 8, 98, 1, '2021-12-01'),
(1817, 18, 7, 99, 1, '2021-12-01'),
(1818, 18, 7, 100, 1, '2021-12-01'),
(1819, 18, 12, 101, 1, '2021-12-01'),
(1820, 19, 4, 1, 1, '2021-12-01'),
(1821, 19, 2, 2, 1, '2021-12-01'),
(1822, 19, 8, 3, 1, '2021-12-01'),
(1823, 19, 8, 4, 1, '2021-12-01'),
(1824, 19, 6, 5, 1, '2021-12-01'),
(1825, 19, 0, 6, 1, '2021-12-01'),
(1826, 19, 6, 7, 1, '2021-12-01'),
(1827, 19, 6, 8, 1, '2021-12-01'),
(1828, 19, 2, 9, 1, '2021-12-01'),
(1829, 19, 0, 10, 1, '2021-12-01'),
(1830, 19, 7, 11, 1, '2021-12-01'),
(1831, 19, 7, 12, 1, '2021-12-01'),
(1832, 19, 4, 13, 1, '2021-12-01'),
(1833, 19, 0, 14, 1, '2021-12-01'),
(1834, 19, 7, 15, 1, '2021-12-01'),
(1835, 19, 7, 16, 1, '2021-12-01'),
(1836, 19, 5, 17, 1, '2021-12-01'),
(1837, 19, 5, 18, 1, '2021-12-01'),
(1838, 19, 0, 19, 1, '2021-12-01'),
(1839, 19, 5, 20, 1, '2021-12-01'),
(1840, 19, 7, 21, 1, '2021-12-01'),
(1841, 19, 5, 22, 1, '2021-12-01'),
(1842, 19, 2, 23, 1, '2021-12-01'),
(1843, 19, 6, 24, 1, '2021-12-01'),
(1844, 19, 6, 25, 1, '2021-12-01'),
(1845, 19, 2, 26, 1, '2021-12-01'),
(1846, 19, 2, 27, 1, '2021-12-01'),
(1847, 19, 6, 28, 1, '2021-12-01'),
(1848, 19, 5, 29, 1, '2021-12-01'),
(1849, 19, 0, 30, 1, '2021-12-01'),
(1850, 19, 3, 31, 1, '2021-12-01'),
(1851, 19, 8, 32, 1, '2021-12-01'),
(1852, 19, 3, 33, 1, '2021-12-01'),
(1853, 19, 0, 34, 1, '2021-12-01'),
(1854, 19, 2, 35, 1, '2021-12-01'),
(1855, 19, 2, 36, 1, '2021-12-01'),
(1856, 19, 3, 37, 1, '2021-12-01'),
(1857, 19, 1, 38, 1, '2021-12-01'),
(1858, 19, 5, 39, 1, '2021-12-01'),
(1859, 19, 5, 40, 1, '2021-12-01'),
(1860, 19, 3, 41, 1, '2021-12-01'),
(1861, 19, 1, 42, 1, '2021-12-01'),
(1862, 19, 6, 43, 1, '2021-12-01'),
(1863, 19, 8, 44, 1, '2021-12-01'),
(1864, 19, 3, 45, 1, '2021-12-01'),
(1865, 19, 1, 46, 1, '2021-12-01'),
(1866, 19, 6, 47, 1, '2021-12-01'),
(1867, 19, 2, 48, 1, '2021-12-01'),
(1868, 19, 1, 49, 1, '2021-12-01'),
(1869, 19, 7, 50, 1, '2021-12-01'),
(1870, 19, 5, 51, 1, '2021-12-01'),
(1871, 19, 7, 52, 1, '2021-12-01'),
(1872, 19, 0, 53, 1, '2021-12-01'),
(1873, 19, 6, 54, 1, '2021-12-01'),
(1874, 19, 3, 55, 1, '2021-12-01'),
(1875, 19, 7, 56, 1, '2021-12-01'),
(1876, 19, 0, 57, 1, '2021-12-01'),
(1877, 19, 6, 58, 1, '2021-12-01'),
(1878, 19, 4, 59, 1, '2021-12-01'),
(1879, 19, 4, 60, 1, '2021-12-01'),
(1880, 19, 5, 61, 1, '2021-12-01'),
(1881, 19, 8, 62, 1, '2021-12-01'),
(1882, 19, 7, 63, 1, '2021-12-01'),
(1883, 19, 1, 64, 1, '2021-12-01'),
(1884, 19, 2, 65, 1, '2021-12-01'),
(1885, 19, 1, 66, 1, '2021-12-01'),
(1886, 19, 0, 67, 1, '2021-12-01'),
(1887, 19, 6, 68, 1, '2021-12-01'),
(1888, 19, 4, 69, 1, '2021-12-01'),
(1889, 19, 1, 70, 1, '2021-12-01'),
(1890, 19, 4, 71, 1, '2021-12-01'),
(1891, 19, 7, 72, 1, '2021-12-01'),
(1892, 19, 6, 73, 1, '2021-12-01'),
(1893, 19, 8, 74, 1, '2021-12-01'),
(1894, 19, 5, 75, 1, '2021-12-01'),
(1895, 19, 1, 76, 1, '2021-12-01'),
(1896, 19, 0, 77, 1, '2021-12-01'),
(1897, 19, 6, 78, 1, '2021-12-01'),
(1898, 19, 5, 79, 1, '2021-12-01'),
(1899, 19, 0, 80, 1, '2021-12-01'),
(1900, 19, 1, 81, 1, '2021-12-01'),
(1901, 19, 8, 82, 1, '2021-12-01'),
(1902, 19, 0, 83, 1, '2021-12-01'),
(1903, 19, 3, 84, 1, '2021-12-01'),
(1904, 19, 7, 85, 1, '2021-12-01'),
(1905, 19, 8, 86, 1, '2021-12-01'),
(1906, 19, 0, 87, 1, '2021-12-01'),
(1907, 19, 4, 88, 1, '2021-12-01'),
(1908, 19, 3, 89, 1, '2021-12-01'),
(1909, 19, 5, 90, 1, '2021-12-01'),
(1910, 19, 7, 91, 1, '2021-12-01'),
(1911, 19, 3, 92, 1, '2021-12-01'),
(1912, 19, 4, 93, 1, '2021-12-01'),
(1913, 19, 0, 94, 1, '2021-12-01'),
(1914, 19, 6, 95, 1, '2021-12-01'),
(1915, 19, 5, 96, 1, '2021-12-01'),
(1916, 19, 7, 97, 1, '2021-12-01'),
(1917, 19, 1, 98, 1, '2021-12-01'),
(1918, 19, 3, 99, 1, '2021-12-01'),
(1919, 19, 3, 100, 1, '2021-12-01'),
(1920, 19, 7, 101, 1, '2021-12-01'),
(1921, 20, 5, 1, 1, '2021-12-01'),
(1922, 20, 5, 2, 1, '2021-12-01'),
(1923, 20, 3, 3, 1, '2021-12-01'),
(1924, 20, 4, 4, 1, '2021-12-01'),
(1925, 20, 6, 5, 1, '2021-12-01'),
(1926, 20, 5, 6, 1, '2021-12-01'),
(1927, 20, 5, 7, 1, '2021-12-01'),
(1928, 20, 3, 8, 1, '2021-12-01'),
(1929, 20, 3, 9, 1, '2021-12-01'),
(1930, 20, 6, 10, 1, '2021-12-01'),
(1931, 20, 3, 11, 1, '2021-12-01'),
(1932, 20, 5, 12, 1, '2021-12-01'),
(1933, 20, 4, 13, 1, '2021-12-01'),
(1934, 20, 6, 14, 1, '2021-12-01'),
(1935, 20, 5, 15, 1, '2021-12-01'),
(1936, 20, 3, 16, 1, '2021-12-01'),
(1937, 20, 3, 17, 1, '2021-12-01'),
(1938, 20, 5, 18, 1, '2021-12-01'),
(1939, 20, 6, 19, 1, '2021-12-01'),
(1940, 20, 3, 20, 1, '2021-12-01'),
(1941, 20, 5, 21, 1, '2021-12-01'),
(1942, 20, 4, 22, 1, '2021-12-01'),
(1943, 20, 3, 23, 1, '2021-12-01'),
(1944, 20, 3, 24, 1, '2021-12-01'),
(1945, 20, 4, 25, 1, '2021-12-01'),
(1946, 20, 4, 26, 1, '2021-12-01'),
(1947, 20, 5, 27, 1, '2021-12-01'),
(1948, 20, 6, 28, 1, '2021-12-01'),
(1949, 20, 3, 29, 1, '2021-12-01'),
(1950, 20, 5, 30, 1, '2021-12-01'),
(1951, 20, 5, 31, 1, '2021-12-01'),
(1952, 20, 5, 32, 1, '2021-12-01'),
(1953, 20, 5, 33, 1, '2021-12-01'),
(1954, 20, 6, 34, 1, '2021-12-01'),
(1955, 20, 3, 35, 1, '2021-12-01'),
(1956, 20, 6, 36, 1, '2021-12-01'),
(1957, 20, 6, 37, 1, '2021-12-01'),
(1958, 20, 3, 38, 1, '2021-12-01'),
(1959, 20, 4, 39, 1, '2021-12-01'),
(1960, 20, 3, 40, 1, '2021-12-01'),
(1961, 20, 5, 41, 1, '2021-12-01'),
(1962, 20, 4, 42, 1, '2021-12-01'),
(1963, 20, 3, 43, 1, '2021-12-01'),
(1964, 20, 3, 44, 1, '2021-12-01'),
(1965, 20, 6, 45, 1, '2021-12-01'),
(1966, 20, 3, 46, 1, '2021-12-01'),
(1967, 20, 5, 47, 1, '2021-12-01'),
(1968, 20, 6, 48, 1, '2021-12-01'),
(1969, 20, 4, 49, 1, '2021-12-01'),
(1970, 20, 6, 50, 1, '2021-12-01'),
(1971, 20, 6, 51, 1, '2021-12-01'),
(1972, 20, 5, 52, 1, '2021-12-01'),
(1973, 20, 3, 53, 1, '2021-12-01'),
(1974, 20, 3, 54, 1, '2021-12-01'),
(1975, 20, 6, 55, 1, '2021-12-01'),
(1976, 20, 3, 56, 1, '2021-12-01'),
(1977, 20, 5, 57, 1, '2021-12-01'),
(1978, 20, 3, 58, 1, '2021-12-01'),
(1979, 20, 3, 59, 1, '2021-12-01'),
(1980, 20, 4, 60, 1, '2021-12-01'),
(1981, 20, 6, 61, 1, '2021-12-01'),
(1982, 20, 3, 62, 1, '2021-12-01'),
(1983, 20, 3, 63, 1, '2021-12-01'),
(1984, 20, 6, 64, 1, '2021-12-01'),
(1985, 20, 6, 65, 1, '2021-12-01'),
(1986, 20, 4, 66, 1, '2021-12-01'),
(1987, 20, 4, 67, 1, '2021-12-01'),
(1988, 20, 6, 68, 1, '2021-12-01'),
(1989, 20, 6, 69, 1, '2021-12-01'),
(1990, 20, 6, 70, 1, '2021-12-01'),
(1991, 20, 4, 71, 1, '2021-12-01'),
(1992, 20, 6, 72, 1, '2021-12-01'),
(1993, 20, 4, 73, 1, '2021-12-01'),
(1994, 20, 5, 74, 1, '2021-12-01'),
(1995, 20, 3, 75, 1, '2021-12-01'),
(1996, 20, 6, 76, 1, '2021-12-01'),
(1997, 20, 4, 77, 1, '2021-12-01'),
(1998, 20, 3, 78, 1, '2021-12-01'),
(1999, 20, 5, 79, 1, '2021-12-01'),
(2000, 20, 6, 80, 1, '2021-12-01'),
(2001, 20, 6, 81, 1, '2021-12-01'),
(2002, 20, 6, 82, 1, '2021-12-01'),
(2003, 20, 3, 83, 1, '2021-12-01'),
(2004, 20, 3, 84, 1, '2021-12-01'),
(2005, 20, 6, 85, 1, '2021-12-01'),
(2006, 20, 3, 86, 1, '2021-12-01'),
(2007, 20, 5, 87, 1, '2021-12-01'),
(2008, 20, 4, 88, 1, '2021-12-01'),
(2009, 20, 3, 89, 1, '2021-12-01'),
(2010, 20, 3, 90, 1, '2021-12-01'),
(2011, 20, 5, 91, 1, '2021-12-01'),
(2012, 20, 4, 92, 1, '2021-12-01'),
(2013, 20, 6, 93, 1, '2021-12-01'),
(2014, 20, 3, 94, 1, '2021-12-01'),
(2015, 20, 6, 95, 1, '2021-12-01'),
(2016, 20, 6, 96, 1, '2021-12-01'),
(2017, 20, 4, 97, 1, '2021-12-01'),
(2018, 20, 4, 98, 1, '2021-12-01'),
(2019, 20, 3, 99, 1, '2021-12-01'),
(2020, 20, 4, 100, 1, '2021-12-01'),
(2021, 20, 3, 101, 1, '2021-12-01'),
(2022, 21, 144, 1, 1, '2021-12-01'),
(2023, 21, 137, 2, 1, '2021-12-01'),
(2024, 21, 140, 3, 1, '2021-12-01'),
(2025, 21, 147, 4, 1, '2021-12-01'),
(2026, 21, 143, 5, 1, '2021-12-01'),
(2027, 21, 134, 6, 1, '2021-12-01'),
(2028, 21, 132, 7, 1, '2021-12-01'),
(2029, 21, 137, 8, 1, '2021-12-01'),
(2030, 21, 132, 9, 1, '2021-12-01'),
(2031, 21, 141, 10, 1, '2021-12-01'),
(2032, 21, 141, 11, 1, '2021-12-01'),
(2033, 21, 140, 12, 1, '2021-12-01'),
(2034, 21, 142, 13, 1, '2021-12-01'),
(2035, 21, 138, 14, 1, '2021-12-01'),
(2036, 21, 145, 15, 1, '2021-12-01'),
(2037, 21, 138, 16, 1, '2021-12-01'),
(2038, 21, 140, 17, 1, '2021-12-01'),
(2039, 21, 141, 18, 1, '2021-12-01'),
(2040, 21, 135, 19, 1, '2021-12-01'),
(2041, 21, 135, 20, 1, '2021-12-01'),
(2042, 21, 144, 21, 1, '2021-12-01'),
(2043, 21, 143, 22, 1, '2021-12-01'),
(2044, 21, 134, 23, 1, '2021-12-01'),
(2045, 21, 141, 24, 1, '2021-12-01'),
(2046, 21, 133, 25, 1, '2021-12-01'),
(2047, 21, 134, 26, 1, '2021-12-01'),
(2048, 21, 147, 27, 1, '2021-12-01'),
(2049, 21, 134, 28, 1, '2021-12-01'),
(2050, 21, 137, 29, 1, '2021-12-01'),
(2051, 21, 136, 30, 1, '2021-12-01'),
(2052, 21, 132, 31, 1, '2021-12-01'),
(2053, 21, 135, 32, 1, '2021-12-01'),
(2054, 21, 137, 33, 1, '2021-12-01'),
(2055, 21, 140, 34, 1, '2021-12-01'),
(2056, 21, 139, 35, 1, '2021-12-01'),
(2057, 21, 135, 36, 1, '2021-12-01'),
(2058, 21, 147, 37, 1, '2021-12-01'),
(2059, 21, 135, 38, 1, '2021-12-01'),
(2060, 21, 132, 39, 1, '2021-12-01'),
(2061, 21, 147, 40, 1, '2021-12-01'),
(2062, 21, 137, 41, 1, '2021-12-01'),
(2063, 21, 144, 42, 1, '2021-12-01'),
(2064, 21, 145, 43, 1, '2021-12-01'),
(2065, 21, 141, 44, 1, '2021-12-01'),
(2066, 21, 135, 45, 1, '2021-12-01'),
(2067, 21, 134, 46, 1, '2021-12-01'),
(2068, 21, 142, 47, 1, '2021-12-01'),
(2069, 21, 147, 48, 1, '2021-12-01'),
(2070, 21, 136, 49, 1, '2021-12-01'),
(2071, 21, 141, 50, 1, '2021-12-01'),
(2072, 21, 139, 51, 1, '2021-12-01'),
(2073, 21, 132, 52, 1, '2021-12-01'),
(2074, 21, 139, 53, 1, '2021-12-01'),
(2075, 21, 142, 54, 1, '2021-12-01'),
(2076, 21, 145, 55, 1, '2021-12-01'),
(2077, 21, 133, 56, 1, '2021-12-01'),
(2078, 21, 144, 57, 1, '2021-12-01'),
(2079, 21, 145, 58, 1, '2021-12-01'),
(2080, 21, 136, 59, 1, '2021-12-01'),
(2081, 21, 143, 60, 1, '2021-12-01'),
(2082, 21, 138, 61, 1, '2021-12-01'),
(2083, 21, 133, 62, 1, '2021-12-01'),
(2084, 21, 144, 63, 1, '2021-12-01'),
(2085, 21, 140, 64, 1, '2021-12-01'),
(2086, 21, 145, 65, 1, '2021-12-01'),
(2087, 21, 132, 66, 1, '2021-12-01'),
(2088, 21, 136, 67, 1, '2021-12-01'),
(2089, 21, 145, 68, 1, '2021-12-01'),
(2090, 21, 137, 69, 1, '2021-12-01'),
(2091, 21, 144, 70, 1, '2021-12-01'),
(2092, 21, 140, 71, 1, '2021-12-01'),
(2093, 21, 141, 72, 1, '2021-12-01'),
(2094, 21, 146, 73, 1, '2021-12-01'),
(2095, 21, 147, 74, 1, '2021-12-01'),
(2096, 21, 146, 75, 1, '2021-12-01'),
(2097, 21, 136, 76, 1, '2021-12-01'),
(2098, 21, 142, 77, 1, '2021-12-01'),
(2099, 21, 143, 78, 1, '2021-12-01'),
(2100, 21, 138, 79, 1, '2021-12-01'),
(2101, 21, 136, 80, 1, '2021-12-01'),
(2102, 21, 144, 81, 1, '2021-12-01'),
(2103, 21, 147, 82, 1, '2021-12-01'),
(2104, 21, 133, 83, 1, '2021-12-01'),
(2105, 21, 138, 84, 1, '2021-12-01'),
(2106, 21, 145, 85, 1, '2021-12-01'),
(2107, 21, 134, 86, 1, '2021-12-01'),
(2108, 21, 142, 87, 1, '2021-12-01'),
(2109, 21, 138, 88, 1, '2021-12-01'),
(2110, 21, 144, 89, 1, '2021-12-01'),
(2111, 21, 146, 90, 1, '2021-12-01'),
(2112, 21, 141, 91, 1, '2021-12-01'),
(2113, 21, 144, 92, 1, '2021-12-01'),
(2114, 21, 140, 93, 1, '2021-12-01'),
(2115, 21, 146, 94, 1, '2021-12-01'),
(2116, 21, 133, 95, 1, '2021-12-01'),
(2117, 21, 146, 96, 1, '2021-12-01'),
(2118, 21, 144, 97, 1, '2021-12-01'),
(2119, 21, 133, 98, 1, '2021-12-01'),
(2120, 21, 145, 99, 1, '2021-12-01'),
(2121, 21, 140, 100, 1, '2021-12-01'),
(2122, 21, 147, 101, 1, '2021-12-01'),
(2123, 22, 1, 1, 1, '2021-12-01'),
(2124, 22, 3, 2, 1, '2021-12-01'),
(2125, 22, 1, 3, 1, '2021-12-01'),
(2126, 22, 2, 4, 1, '2021-12-01'),
(2127, 22, 4, 5, 1, '2021-12-01'),
(2128, 22, 1, 6, 1, '2021-12-01'),
(2129, 22, 4, 7, 1, '2021-12-01'),
(2130, 22, 1, 8, 1, '2021-12-01'),
(2131, 22, 6, 9, 1, '2021-12-01'),
(2132, 22, 3, 10, 1, '2021-12-01'),
(2133, 22, 1, 11, 1, '2021-12-01'),
(2134, 22, 0, 12, 1, '2021-12-01'),
(2135, 22, 3, 13, 1, '2021-12-01'),
(2136, 22, 1, 14, 1, '2021-12-01'),
(2137, 22, 3, 15, 1, '2021-12-01'),
(2138, 22, 4, 16, 1, '2021-12-01'),
(2139, 22, 3, 17, 1, '2021-12-01'),
(2140, 22, 6, 18, 1, '2021-12-01'),
(2141, 22, 4, 19, 1, '2021-12-01'),
(2142, 22, 3, 20, 1, '2021-12-01'),
(2143, 22, 1, 21, 1, '2021-12-01'),
(2144, 22, 2, 22, 1, '2021-12-01'),
(2145, 22, 2, 23, 1, '2021-12-01'),
(2146, 22, 2, 24, 1, '2021-12-01'),
(2147, 22, 3, 25, 1, '2021-12-01'),
(2148, 22, 5, 26, 1, '2021-12-01'),
(2149, 22, 6, 27, 1, '2021-12-01'),
(2150, 22, 0, 28, 1, '2021-12-01'),
(2151, 22, 6, 29, 1, '2021-12-01'),
(2152, 22, 5, 30, 1, '2021-12-01'),
(2153, 22, 5, 31, 1, '2021-12-01'),
(2154, 22, 1, 32, 1, '2021-12-01'),
(2155, 22, 6, 33, 1, '2021-12-01'),
(2156, 22, 3, 34, 1, '2021-12-01'),
(2157, 22, 5, 35, 1, '2021-12-01'),
(2158, 22, 1, 36, 1, '2021-12-01'),
(2159, 22, 4, 37, 1, '2021-12-01'),
(2160, 22, 1, 38, 1, '2021-12-01'),
(2161, 22, 4, 39, 1, '2021-12-01'),
(2162, 22, 3, 40, 1, '2021-12-01'),
(2163, 22, 1, 41, 1, '2021-12-01'),
(2164, 22, 1, 42, 1, '2021-12-01'),
(2165, 22, 3, 43, 1, '2021-12-01'),
(2166, 22, 4, 44, 1, '2021-12-01'),
(2167, 22, 3, 45, 1, '2021-12-01'),
(2168, 22, 6, 46, 1, '2021-12-01'),
(2169, 22, 2, 47, 1, '2021-12-01'),
(2170, 22, 4, 48, 1, '2021-12-01'),
(2171, 22, 2, 49, 1, '2021-12-01'),
(2172, 22, 2, 50, 1, '2021-12-01'),
(2173, 22, 0, 51, 1, '2021-12-01'),
(2174, 22, 3, 52, 1, '2021-12-01'),
(2175, 22, 3, 53, 1, '2021-12-01'),
(2176, 22, 3, 54, 1, '2021-12-01'),
(2177, 22, 0, 55, 1, '2021-12-01'),
(2178, 22, 1, 56, 1, '2021-12-01'),
(2179, 22, 3, 57, 1, '2021-12-01'),
(2180, 22, 5, 58, 1, '2021-12-01'),
(2181, 22, 2, 59, 1, '2021-12-01'),
(2182, 22, 4, 60, 1, '2021-12-01'),
(2183, 22, 3, 61, 1, '2021-12-01'),
(2184, 22, 4, 62, 1, '2021-12-01'),
(2185, 22, 1, 63, 1, '2021-12-01'),
(2186, 22, 3, 64, 1, '2021-12-01'),
(2187, 22, 3, 65, 1, '2021-12-01'),
(2188, 22, 3, 66, 1, '2021-12-01'),
(2189, 22, 2, 67, 1, '2021-12-01'),
(2190, 22, 4, 68, 1, '2021-12-01'),
(2191, 22, 5, 69, 1, '2021-12-01'),
(2192, 22, 4, 70, 1, '2021-12-01'),
(2193, 22, 2, 71, 1, '2021-12-01'),
(2194, 22, 6, 72, 1, '2021-12-01'),
(2195, 22, 3, 73, 1, '2021-12-01'),
(2196, 22, 0, 74, 1, '2021-12-01'),
(2197, 22, 3, 75, 1, '2021-12-01'),
(2198, 22, 1, 76, 1, '2021-12-01'),
(2199, 22, 3, 77, 1, '2021-12-01'),
(2200, 22, 5, 78, 1, '2021-12-01'),
(2201, 22, 2, 79, 1, '2021-12-01'),
(2202, 22, 1, 80, 1, '2021-12-01'),
(2203, 22, 6, 81, 1, '2021-12-01'),
(2204, 22, 2, 82, 1, '2021-12-01'),
(2205, 22, 6, 83, 1, '2021-12-01'),
(2206, 22, 2, 84, 1, '2021-12-01'),
(2207, 22, 4, 85, 1, '2021-12-01'),
(2208, 22, 5, 86, 1, '2021-12-01'),
(2209, 22, 2, 87, 1, '2021-12-01'),
(2210, 22, 0, 88, 1, '2021-12-01'),
(2211, 22, 4, 89, 1, '2021-12-01'),
(2212, 22, 6, 90, 1, '2021-12-01'),
(2213, 22, 2, 91, 1, '2021-12-01'),
(2214, 22, 4, 92, 1, '2021-12-01'),
(2215, 22, 5, 93, 1, '2021-12-01'),
(2216, 22, 5, 94, 1, '2021-12-01'),
(2217, 22, 0, 95, 1, '2021-12-01'),
(2218, 22, 6, 96, 1, '2021-12-01'),
(2219, 22, 2, 97, 1, '2021-12-01'),
(2220, 22, 2, 98, 1, '2021-12-01'),
(2221, 22, 4, 99, 1, '2021-12-01'),
(2222, 22, 0, 100, 1, '2021-12-01'),
(2223, 22, 5, 101, 1, '2021-12-01'),
(2224, 23, 688, 1, 1, '2021-12-01'),
(2225, 23, 185, 2, 1, '2021-12-01'),
(2226, 23, 135, 3, 1, '2021-12-01'),
(2227, 23, 967, 4, 1, '2021-12-01'),
(2228, 23, 122, 5, 1, '2021-12-01'),
(2229, 23, 405, 6, 1, '2021-12-01'),
(2230, 23, 52, 7, 1, '2021-12-01'),
(2231, 23, 273, 8, 1, '2021-12-01'),
(2232, 23, 97, 9, 1, '2021-12-01'),
(2233, 23, 579, 10, 1, '2021-12-01'),
(2234, 23, 745, 11, 1, '2021-12-01'),
(2235, 23, 438, 12, 1, '2021-12-01'),
(2236, 23, 434, 13, 1, '2021-12-01'),
(2237, 23, 135, 14, 1, '2021-12-01'),
(2238, 23, 366, 15, 1, '2021-12-01'),
(2239, 23, 685, 16, 1, '2021-12-01'),
(2240, 23, 950, 17, 1, '2021-12-01'),
(2241, 23, 365, 18, 1, '2021-12-01'),
(2242, 23, 180, 19, 1, '2021-12-01'),
(2243, 23, 194, 20, 1, '2021-12-01'),
(2244, 23, 452, 21, 1, '2021-12-01'),
(2245, 23, 250, 22, 1, '2021-12-01'),
(2246, 23, 300, 23, 1, '2021-12-01'),
(2247, 23, 550, 24, 1, '2021-12-01'),
(2248, 23, 849, 25, 1, '2021-12-01'),
(2249, 23, 686, 26, 1, '2021-12-01'),
(2250, 23, 372, 27, 1, '2021-12-01'),
(2251, 23, 876, 28, 1, '2021-12-01'),
(2252, 23, 942, 29, 1, '2021-12-01'),
(2253, 23, 136, 30, 1, '2021-12-01'),
(2254, 23, 354, 31, 1, '2021-12-01'),
(2255, 23, 292, 32, 1, '2021-12-01'),
(2256, 23, 390, 33, 1, '2021-12-01'),
(2257, 23, 361, 34, 1, '2021-12-01'),
(2258, 23, 513, 35, 1, '2021-12-01'),
(2259, 23, 258, 36, 1, '2021-12-01'),
(2260, 23, 764, 37, 1, '2021-12-01'),
(2261, 23, 49, 38, 1, '2021-12-01'),
(2262, 23, 795, 39, 1, '2021-12-01'),
(2263, 23, 603, 40, 1, '2021-12-01'),
(2264, 23, 866, 41, 1, '2021-12-01'),
(2265, 23, 66, 42, 1, '2021-12-01'),
(2266, 23, 49, 43, 1, '2021-12-01'),
(2267, 23, 137, 44, 1, '2021-12-01'),
(2268, 23, 653, 45, 1, '2021-12-01'),
(2269, 23, 747, 46, 1, '2021-12-01'),
(2270, 23, 21, 47, 1, '2021-12-01'),
(2271, 23, 179, 48, 1, '2021-12-01'),
(2272, 23, 935, 49, 1, '2021-12-01'),
(2273, 23, 908, 50, 1, '2021-12-01'),
(2274, 23, 677, 51, 1, '2021-12-01'),
(2275, 23, 777, 52, 1, '2021-12-01'),
(2276, 23, 396, 53, 1, '2021-12-01'),
(2277, 23, 886, 54, 1, '2021-12-01'),
(2278, 23, 690, 55, 1, '2021-12-01'),
(2279, 23, 130, 56, 1, '2021-12-01'),
(2280, 23, 896, 57, 1, '2021-12-01'),
(2281, 23, 574, 58, 1, '2021-12-01'),
(2282, 23, 976, 59, 1, '2021-12-01'),
(2283, 23, 816, 60, 1, '2021-12-01'),
(2284, 23, 431, 61, 1, '2021-12-01'),
(2285, 23, 545, 62, 1, '2021-12-01'),
(2286, 23, 111, 63, 1, '2021-12-01'),
(2287, 23, 97, 64, 1, '2021-12-01'),
(2288, 23, 474, 65, 1, '2021-12-01'),
(2289, 23, 914, 66, 1, '2021-12-01'),
(2290, 23, 657, 67, 1, '2021-12-01'),
(2291, 23, 502, 68, 1, '2021-12-01'),
(2292, 23, 614, 69, 1, '2021-12-01'),
(2293, 23, 277, 70, 1, '2021-12-01'),
(2294, 23, 42, 71, 1, '2021-12-01'),
(2295, 23, 70, 72, 1, '2021-12-01'),
(2296, 23, 569, 73, 1, '2021-12-01'),
(2297, 23, 182, 74, 1, '2021-12-01'),
(2298, 23, 993, 75, 1, '2021-12-01'),
(2299, 23, 840, 76, 1, '2021-12-01'),
(2300, 23, 171, 77, 1, '2021-12-01'),
(2301, 23, 484, 78, 1, '2021-12-01'),
(2302, 23, 291, 79, 1, '2021-12-01'),
(2303, 23, 328, 80, 1, '2021-12-01'),
(2304, 23, 225, 81, 1, '2021-12-01'),
(2305, 23, 982, 82, 1, '2021-12-01'),
(2306, 23, 59, 83, 1, '2021-12-01'),
(2307, 23, 97, 84, 1, '2021-12-01'),
(2308, 23, 411, 85, 1, '2021-12-01'),
(2309, 23, 339, 86, 1, '2021-12-01'),
(2310, 23, 525, 87, 1, '2021-12-01'),
(2311, 23, 309, 88, 1, '2021-12-01'),
(2312, 23, 796, 89, 1, '2021-12-01'),
(2313, 23, 850, 90, 1, '2021-12-01'),
(2314, 23, 677, 91, 1, '2021-12-01'),
(2315, 23, 416, 92, 1, '2021-12-01'),
(2316, 23, 946, 93, 1, '2021-12-01'),
(2317, 23, 291, 94, 1, '2021-12-01'),
(2318, 23, 124, 95, 1, '2021-12-01'),
(2319, 23, 884, 96, 1, '2021-12-01'),
(2320, 23, 479, 97, 1, '2021-12-01'),
(2321, 23, 999, 98, 1, '2021-12-01'),
(2322, 23, 396, 99, 1, '2021-12-01'),
(2323, 23, 857, 100, 1, '2021-12-01'),
(2324, 23, 618, 101, 1, '2021-12-01'),
(2325, 24, 1, 1, 1, '2021-12-01'),
(2326, 24, 4, 2, 1, '2021-12-01'),
(2327, 24, 3, 3, 1, '2021-12-01'),
(2328, 24, 1, 4, 1, '2021-12-01'),
(2329, 24, 1, 5, 1, '2021-12-01'),
(2330, 24, 3, 6, 1, '2021-12-01'),
(2331, 24, 0, 7, 1, '2021-12-01'),
(2332, 24, 1, 8, 1, '2021-12-01'),
(2333, 24, 0, 9, 1, '2021-12-01'),
(2334, 24, 2, 10, 1, '2021-12-01'),
(2335, 24, 3, 11, 1, '2021-12-01'),
(2336, 24, 3, 12, 1, '2021-12-01'),
(2337, 24, 4, 13, 1, '2021-12-01'),
(2338, 24, 1, 14, 1, '2021-12-01'),
(2339, 24, 2, 15, 1, '2021-12-01'),
(2340, 24, 3, 16, 1, '2021-12-01'),
(2341, 24, 1, 17, 1, '2021-12-01'),
(2342, 24, 4, 18, 1, '2021-12-01'),
(2343, 24, 0, 19, 1, '2021-12-01'),
(2344, 24, 1, 20, 1, '2021-12-01'),
(2345, 24, 2, 21, 1, '2021-12-01'),
(2346, 24, 0, 22, 1, '2021-12-01'),
(2347, 24, 3, 23, 1, '2021-12-01'),
(2348, 24, 4, 24, 1, '2021-12-01'),
(2349, 24, 4, 25, 1, '2021-12-01'),
(2350, 24, 2, 26, 1, '2021-12-01'),
(2351, 24, 4, 27, 1, '2021-12-01'),
(2352, 24, 0, 28, 1, '2021-12-01'),
(2353, 24, 2, 29, 1, '2021-12-01'),
(2354, 24, 0, 30, 1, '2021-12-01'),
(2355, 24, 1, 31, 1, '2021-12-01'),
(2356, 24, 4, 32, 1, '2021-12-01'),
(2357, 24, 2, 33, 1, '2021-12-01'),
(2358, 24, 1, 34, 1, '2021-12-01'),
(2359, 24, 1, 35, 1, '2021-12-01'),
(2360, 24, 3, 36, 1, '2021-12-01'),
(2361, 24, 2, 37, 1, '2021-12-01'),
(2362, 24, 2, 38, 1, '2021-12-01'),
(2363, 24, 3, 39, 1, '2021-12-01'),
(2364, 24, 1, 40, 1, '2021-12-01'),
(2365, 24, 4, 41, 1, '2021-12-01'),
(2366, 24, 0, 42, 1, '2021-12-01'),
(2367, 24, 4, 43, 1, '2021-12-01'),
(2368, 24, 4, 44, 1, '2021-12-01'),
(2369, 24, 4, 45, 1, '2021-12-01'),
(2370, 24, 4, 46, 1, '2021-12-01'),
(2371, 24, 4, 47, 1, '2021-12-01'),
(2372, 24, 4, 48, 1, '2021-12-01'),
(2373, 24, 1, 49, 1, '2021-12-01'),
(2374, 24, 2, 50, 1, '2021-12-01'),
(2375, 24, 3, 51, 1, '2021-12-01'),
(2376, 24, 0, 52, 1, '2021-12-01'),
(2377, 24, 2, 53, 1, '2021-12-01'),
(2378, 24, 0, 54, 1, '2021-12-01'),
(2379, 24, 4, 55, 1, '2021-12-01'),
(2380, 24, 4, 56, 1, '2021-12-01'),
(2381, 24, 2, 57, 1, '2021-12-01'),
(2382, 24, 1, 58, 1, '2021-12-01'),
(2383, 24, 1, 59, 1, '2021-12-01'),
(2384, 24, 0, 60, 1, '2021-12-01'),
(2385, 24, 2, 61, 1, '2021-12-01'),
(2386, 24, 2, 62, 1, '2021-12-01'),
(2387, 24, 1, 63, 1, '2021-12-01'),
(2388, 24, 0, 64, 1, '2021-12-01'),
(2389, 24, 4, 65, 1, '2021-12-01'),
(2390, 24, 4, 66, 1, '2021-12-01'),
(2391, 24, 3, 67, 1, '2021-12-01'),
(2392, 24, 1, 68, 1, '2021-12-01'),
(2393, 24, 1, 69, 1, '2021-12-01'),
(2394, 24, 4, 70, 1, '2021-12-01'),
(2395, 24, 0, 71, 1, '2021-12-01'),
(2396, 24, 2, 72, 1, '2021-12-01'),
(2397, 24, 2, 73, 1, '2021-12-01'),
(2398, 24, 0, 74, 1, '2021-12-01'),
(2399, 24, 3, 75, 1, '2021-12-01'),
(2400, 24, 1, 76, 1, '2021-12-01'),
(2401, 24, 4, 77, 1, '2021-12-01'),
(2402, 24, 1, 78, 1, '2021-12-01'),
(2403, 24, 1, 79, 1, '2021-12-01'),
(2404, 24, 2, 80, 1, '2021-12-01'),
(2405, 24, 2, 81, 1, '2021-12-01'),
(2406, 24, 0, 82, 1, '2021-12-01'),
(2407, 24, 1, 83, 1, '2021-12-01'),
(2408, 24, 3, 84, 1, '2021-12-01'),
(2409, 24, 2, 85, 1, '2021-12-01'),
(2410, 24, 3, 86, 1, '2021-12-01'),
(2411, 24, 3, 87, 1, '2021-12-01'),
(2412, 24, 1, 88, 1, '2021-12-01'),
(2413, 24, 3, 89, 1, '2021-12-01'),
(2414, 24, 2, 90, 1, '2021-12-01'),
(2415, 24, 0, 91, 1, '2021-12-01'),
(2416, 24, 1, 92, 1, '2021-12-01'),
(2417, 24, 0, 93, 1, '2021-12-01'),
(2418, 24, 2, 94, 1, '2021-12-01'),
(2419, 24, 0, 95, 1, '2021-12-01'),
(2420, 24, 2, 96, 1, '2021-12-01'),
(2421, 24, 3, 97, 1, '2021-12-01'),
(2422, 24, 0, 98, 1, '2021-12-01'),
(2423, 24, 2, 99, 1, '2021-12-01'),
(2424, 24, 1, 100, 1, '2021-12-01'),
(2425, 24, 0, 101, 1, '2021-12-01');

-- --------------------------------------------------------

--
-- Table structure for table `blood_test_components`
--

CREATE TABLE `blood_test_components` (
  `blood_test_component_id` int(11) NOT NULL,
  `blood_test_component_abbreviation` varchar(25) DEFAULT NULL,
  `blood_test_component_name` varchar(75) DEFAULT NULL,
  `blood_test_component_measurement` varchar(10) DEFAULT NULL,
  `blood_test_component_normal_range` varchar(20) DEFAULT NULL,
  `blood_test_component_description` text DEFAULT NULL
) ENGINE=InnoDB DEFAULT CHARSET=utf8mb4;

--
-- Dumping data for table `blood_test_components`
--

INSERT INTO `blood_test_components` (`blood_test_component_id`, `blood_test_component_abbreviation`, `blood_test_component_name`, `blood_test_component_measurement`, `blood_test_component_normal_range`, `blood_test_component_description`) VALUES
(1, 'FVS', 'Fehrvrsejtszm', 'ml', '4300-11000', 'A fehrvrsejtek a szervezet vdekez rendszernek tagjai, a csontvelben termeldnek, a vrben s a nyirokutakban keringenek. Feladatuk az idegen anyagok (baktriumok, vrusok) elpuszttsa. Nem csak a fehrvrsejtek szmt, hanem egyes - rszben ms-ms feladattal br fajtinak arnyt is mrik, s rtkelik a vizsglat sorn.'),
(2, 'VVT', 'Vrsvrtest', 'T/l', '4-6', 'A vrsvrtestek kr alak, kzepkn lapos, sejtmag nlkli sejtek, melyek a vrs csontvelben kpzdnek. lettartama 120 nap, majd a lpben trtnik a lebomls. A vrsvrtest a vrgzok szlltsban nagy szerepet jtszik.'),
(3, 'Htc', 'Hematokrit', '%', '35-50', 'Szzalkos rtk, mely a kifejezi a vrsvrtestek trfogatt a teljes vrmennyisgben.'),
(4, 'Hgb', 'Hemoglobin', 'g/l', '120-170', 'A hemoglobin a vrsvrtestben tallhat molekula, melyekhez ktdik az oxign, gy fontos szerepet jtszik annak szlltsban.'),
(5, 'MCV', 'Mean Cellular Volume', 'fl', '80-95', 'tlagos sejttrfogat, vrsvrtestek tlagos trfogata.'),
(6, 'MCH', 'Mean Corpuscular Hemaglobin', 'pg/sejt', '28-33', 'Egy vrsvrtestre szmtott hemoglobinmennyisg.'),
(7, 'RDW', 'Red blood cell Distribution Width', '%', '11.5-14.5', 'Az RDW meghatrozsra a rutin laborvizsglat keretein bell kerl sor, tbb ms paramterrel egytt.'),
(8, 'PLT', 'Trombocita', 'G/l', '150-400 ', 'A csontvel termeli, sejtmag nlkli elemek. A vralvadsban van szerepe.'),
(9, 'ALT', 'Alanin Amino-Transzferz', 'IU/l', '10-35', 'Az ALT tbb szvetben is megtallhat, de legnagyobb mennyisgben a mj termeli, gy a jelents emelkeds a mjszvet sztessre utal.'),
(10, 'Albumin', 'Albumin', 'g/l', '35-52', 'Az albumin a mjban kpzdik, s nagyon rzkeny a mjkrosodsra. A mj- s a vesebetegsgek szrsre, valamint tpllkozsi llapot becslsre hasznljk.'),
(11, 'sszfehrje', 'sszfehrje', 'g/l', '60-80', 'A fehrjk minden sejt s szvet ptelemei, a vrben a vralvadsi rendszer tagjai, hormonok, szlltmolekulk, enzimek, az immunrendszer mkdsben rsztvev antitestek lehetnek.'),
(12, 'ALP', 'Alkalikus Foszfatz', 'IU/L', '44-147', 'Az alkalikus foszfatz a fehrjk lebontst s a sejtek anyagcsere folyamatait elsegt enzim. Az emberi test minden egyes szvetben megtallhat, nagyobb mennyisgben azonban a belekben, a mjban, a csontokban s a vesben, vrands nk esetben pedig a mhlepnyben is jelen van.'),
(13, 'Bilirubin', 'Bilirubin', 'mg/l', '0-10', 'A bilirubin a vrfestk lebontsi termke, szintje a vrs vrtestek fokozott lebomlsa, mjbetegsgek s epeelfolysi akadly esetn emelkedhet.'),
(14, 'BUN', 'Karbamid (urea)', 'mmol/l', '3.6-7.2', 'A karbamid vagy urea a szervezetben lv fehrje nitrogntartalmnak lebomlsi termke, mely a mjban kpzdik s a vesn keresztl rl ki. Felhalmozdsa a sejtek szmra mrgez lehet. A vrben laboratriumi mdszerekkel mrhet szintjt a vesemkds vizsglatra hasznljk.'),
(15, 'Ca', 'Klcium', 'mg/dL', '8-11', 'A vrben az elem hrom formban van jelen, plazmafehrjkhez ktve, ms ionokhoz ktve (citrt- s foszft-komplexekben), illetve szabad, ionizlt formban. Az ionizlt forma felels az ideg- s az izomszvet ingerlkenysgrt. A kalciumion mennyisgt a vrben emeli a mellkpajzsmirigy-hormon (parathormon, PTH) s a vesben aktivld D-vitamin. Cskkenti a kalciumszintet a pajzsmirigyben termeld kalcitonin.'),
(16, 'Cl-', 'Klorid', 'mmol/l', '99-111', 'A klorid az elektrolitok kz tartozik. Negatv tlts molekula, amely ms elektrolitokkal egytt egytt segt szablyozni a folyadk mennyisgt a szervezetben, s fenntartani a sav-bzis egyenslyt.'),
(17, 'Crea', 'Kreatinin', 'm/l', '55-103', 'A kreatinin az izomanyagcsere vgtermke: az izmokban megtallhat kreatin nev fehrjetermszet anyag bomlsi termke, amely a vesn keresztl tvozik a szervezetbl. A kreatinin vrszintje a vesemkds jelzje, segtsgvel ellenrizhet a vese szrletkpz mkdse.'),
(18, 'OGTT', 'Terhelses vrcukorvizsglat', 'mmol/l', '7.8-11.0', 'A vizsglat a panaszokat mg nem okoz cukorbetegsg, az azt megelz llapot (az gynevezett cskkent glkztolerancia, IGT) s a terhessgi cukorbetegsg felismersre szolgl.'),
(19, 'P', 'Foszfor', 'mg/dL', '2-7', 'A foszftok nlklzhetetlenek az energiatermelshez, izom- s idegmkdshez, csontnvekedshez. Pufferknt fontos szerepk van a szervezet sav-bzis egyenslynak fenntartsban. A foszforvizsglat klnsen fontos azoknl, akik alultplltak vagy akiket ketoacidzissal kezelnek.'),
(20, 'K', 'Klium', 'mmol/l', '3.5-5.0', 'A szrum kliumion koncentrci mrse fontos informcit szolgltathat a folyadkhztartsrl, hormonlis hatsokrl, szmos betegsgben alkalmazott terpia hatsossgrl. A lelet helyes rtkelshez az orvosnak szmos szempontot mrlegelnie kell.'),
(21, 'Na', 'Ntrium', 'mmol/l', '135-145', 'A szrum ntriumion koncentrci mrse fontos informcit szolgltathat a folyadkhztartsrl, hormonlis hatsokrl, szmos betegsgben az alkalmazott kezels hatsossgrl. A lelet helyes rtkelshez az orvosnak szmos szempontot kell mrlegelnie.'),
(22, 'sszkoleszterin', 'sszkoleszterin', 'mmol/l', '0-5', 'Ha tl nagy a koleszterinknlat s a sejtek a rendelkezsre ll mennyisget nem tudjk felhasznlni, az egyensly eltoldik, s a felesleges koleszterin a perifris vrben kering s az erek falban rakdik le. A lerakdott koleszterin kvetkeztben n az relmeszeseds, a szv- s rrendszeri betegsgek s a stroke kialakulsnak kockzata.'),
(23, 'HDL', 'Nagy Srsg Lipoprotein', 'mmol/l', '0.9-999', 'A HDL koleszterin az n. \"j\" koleszterin. Alacsony szintje esetn n az relmeszeseds, a szvinfarktus s az agyvrzs kockzata.'),
(24, 'LDL', 'Alacsony Srsg Lipoprotein', 'mmol/l', '0-3', 'Az LDL (low density lipoprotein  alacsony srsg lipoprotein) funkcijt tekintve a koleszterin szlltst vgzi a mjbl a sejtek irnyba. Br az LDL jelents rsze visszakerl jra a mjba, illetve azok a sejtek veszik fel, melyek koleszterint ignyelnek, kisebb rsze - falsejtek kzvettsvel - az rfalba pl be.');

-- --------------------------------------------------------

--
-- Table structure for table `doctors`
--

CREATE TABLE `doctors` (
  `doctor_id` int(11) NOT NULL,
  `doctor_name` varchar(50) DEFAULT NULL,
  `doctor_license` varchar(10) DEFAULT NULL,
  `doctor_password` varchar(50) DEFAULT NULL,
  `doctor_phone` varchar(15) DEFAULT NULL,
  `doctor_email` varchar(50) DEFAULT NULL
) ENGINE=InnoDB DEFAULT CHARSET=utf8mb4;

--
-- Dumping data for table `doctors`
--

INSERT INTO `doctors` (`doctor_id`, `doctor_name`, `doctor_license`, `doctor_password`, `doctor_phone`, `doctor_email`) VALUES
(1, 'Cseh Andrs', 'admin', 'admin', '0933333', 'cshndrs@medicloud.hu');

-- --------------------------------------------------------

--
-- Table structure for table `medications`
--

CREATE TABLE `medications` (
  `medication_id` int(11) NOT NULL,
  `medication_name` varchar(50) DEFAULT NULL,
  `medication_taken_by_id` int(11) DEFAULT NULL,
  `medication_taken_from_id` int(11) DEFAULT NULL,
  `medication_comment` text DEFAULT NULL
) ENGINE=InnoDB DEFAULT CHARSET=utf8mb4;

-- --------------------------------------------------------

--
-- Table structure for table `patients`
--

CREATE TABLE `patients` (
  `patient_id` int(11) NOT NULL,
  `patient_name` varchar(100) DEFAULT NULL,
  `patient_blood_type` varchar(5) DEFAULT NULL,
  `patient_gender` varchar(5) DEFAULT NULL,
  `patient_taj` varchar(9) DEFAULT NULL,
  `patient_password` varchar(64) DEFAULT NULL,
  `patient_birthdate` date DEFAULT NULL,
  `patient_address` varchar(200) DEFAULT NULL,
  `patient_phone` varchar(15) DEFAULT NULL,
  `patient_email` varchar(75) DEFAULT NULL
) ENGINE=InnoDB DEFAULT CHARSET=utf8mb4;

--
-- Dumping data for table `patients`
--

INSERT INTO `patients` (`patient_id`, `patient_name`, `patient_blood_type`, `patient_gender`, `patient_taj`, `patient_password`, `patient_birthdate`, `patient_address`, `patient_phone`, `patient_email`) VALUES
(1, 'Farag Dominik', 'A+', 'ferfi', '196833791', '$2b$10$juGduZi.0GMXBIE0iteUZONQpa7k/bQWVMW7AjKZ1Cr./KK8KZNeq', '1987-02-11', 'Szentendre, Hangr utca 90.', '064515678', 'faragodominik@medmail.hu'),
(2, 'Miksa Pl', 'A+', 'ferfi', '704639392', '$2b$10$juGduZi.0GMXBIE0iteUZONQpa7k/bQWVMW7AjKZ1Cr./KK8KZNeq', '1936-04-07', 'Kecskemt, Akc utca 26.', '064357059', 'miksapal@medmail.hu'),
(3, 'Nemes Gerg', 'A-', 'ferfi', '711630477', '$2b$10$juGduZi.0GMXBIE0iteUZONQpa7k/bQWVMW7AjKZ1Cr./KK8KZNeq', '1937-05-27', 'Szombathely, Stefnia utca 149.', '066677819', 'nemesgergo@medmail.hu'),
(4, 'Simon Patrik', 'B+', 'ferfi', '674512626', '$2b$10$juGduZi.0GMXBIE0iteUZONQpa7k/bQWVMW7AjKZ1Cr./KK8KZNeq', '1957-08-10', 'Szombathely, Hal utca 124.', '061896941', 'simonpatrik@medmail.hu'),
(5, 'Mt Botond', 'B+', 'ferfi', '554597945', '$2b$10$juGduZi.0GMXBIE0iteUZONQpa7k/bQWVMW7AjKZ1Cr./KK8KZNeq', '1935-02-05', 'Szeged, Hal utca 131.', '066728129', 'matebotond@medmail.hu'),
(6, 'Zobor rmin', 'AB-', 'ferfi', '168354748', '$2b$10$juGduZi.0GMXBIE0iteUZONQpa7k/bQWVMW7AjKZ1Cr./KK8KZNeq', '1964-02-02', 'Nyregyhza, Kard utca 9.', '068033228', 'zoborarmin@medmail.hu'),
(7, 'Veres Benjmin', 'AB-', 'ferfi', '788677178', '$2b$10$juGduZi.0GMXBIE0iteUZONQpa7k/bQWVMW7AjKZ1Cr./KK8KZNeq', '1930-04-26', 'Kecskemt, Akc utca 99.', '065869253', 'veresbenjamin@medmail.hu'),
(8, 'Tams Soma', 'B+', 'ferfi', '310921389', '$2b$10$juGduZi.0GMXBIE0iteUZONQpa7k/bQWVMW7AjKZ1Cr./KK8KZNeq', '1986-08-12', 'Budapest, Stefnia utca 110.', '063012532', 'tamassoma@medmail.hu'),
(9, 'Balzs Istvn', '0+', 'ferfi', '980410294', '$2b$10$juGduZi.0GMXBIE0iteUZONQpa7k/bQWVMW7AjKZ1Cr./KK8KZNeq', '1939-10-21', 'Debrecen, Tske utca 170.', '066120003', 'balazsistvan@medmail.hu'),
(10, 'Fazekas Krisztofer', 'AB-', 'ferfi', '551292823', '$2b$10$juGduZi.0GMXBIE0iteUZONQpa7k/bQWVMW7AjKZ1Cr./KK8KZNeq', '1961-09-12', 'Miskolc, Hangr utca 104.', '064740318', 'fazekaskrisztofer@medmail.hu'),
(11, 'Kapolcs Rent', 'AB+', 'ferfi', '348557993', '$2b$10$juGduZi.0GMXBIE0iteUZONQpa7k/bQWVMW7AjKZ1Cr./KK8KZNeq', '1955-12-02', 'Pcs, Asztal utca 162.', '065342632', 'kapolcsrenato@medmail.hu'),
(12, 'Bcs Pter', 'A+', 'ferfi', '890566349', '$2b$10$juGduZi.0GMXBIE0iteUZONQpa7k/bQWVMW7AjKZ1Cr./KK8KZNeq', '1978-01-02', 'Debrecen, g utca 21.', '066214620', 'bacspeter@medmail.hu'),
(13, 'Kozma Rbert', 'A+', 'ferfi', '341577199', '$2b$10$juGduZi.0GMXBIE0iteUZONQpa7k/bQWVMW7AjKZ1Cr./KK8KZNeq', '1974-06-16', 'Pcs, Hangr utca 50.', '061565928', 'kozmarobert@medmail.hu'),
(14, 'Fekete Zsombor', 'B+', 'ferfi', '125449412', '$2b$10$juGduZi.0GMXBIE0iteUZONQpa7k/bQWVMW7AjKZ1Cr./KK8KZNeq', '1948-11-09', 'Debrecen, Hal utca 85.', '066711550', 'feketezsombor@medmail.hu'),
(15, 'Fehr Gbor', 'AB-', 'ferfi', '530198453', '$2b$10$juGduZi.0GMXBIE0iteUZONQpa7k/bQWVMW7AjKZ1Cr./KK8KZNeq', '1959-08-01', 'Nyregyhza, Mogyor utca 25.', '065671592', 'fehergabor@medmail.hu'),
(16, 'Papp Ferenc', 'B+', 'ferfi', '128391171', '$2b$10$juGduZi.0GMXBIE0iteUZONQpa7k/bQWVMW7AjKZ1Cr./KK8KZNeq', '1965-01-24', 'Debrecen, szak utca 79.', '064347289', 'pappferenc@medmail.hu'),
(17, 'Vass ron', 'A-', 'ferfi', '330751623', '$2b$10$juGduZi.0GMXBIE0iteUZONQpa7k/bQWVMW7AjKZ1Cr./KK8KZNeq', '1942-07-19', 'Budapest, Zebra utca 137.', '063381967', 'vassaron@medmail.hu'),
(18, 'Antal Bendegz', 'B+', 'ferfi', '379618831', '$2b$10$juGduZi.0GMXBIE0iteUZONQpa7k/bQWVMW7AjKZ1Cr./KK8KZNeq', '1968-06-20', 'Pcs, Tenger utca 118.', '062246853', 'antalbendeguz@medmail.hu'),
(19, 'Flp Csaba', '0-', 'ferfi', '992280908', '$2b$10$juGduZi.0GMXBIE0iteUZONQpa7k/bQWVMW7AjKZ1Cr./KK8KZNeq', '1962-04-29', 'Kecskemt, Hangr utca 6.', '065349569', 'fulopcsaba@medmail.hu'),
(20, 'Veres Zaln', 'AB+', 'ferfi', '853561933', '$2b$10$juGduZi.0GMXBIE0iteUZONQpa7k/bQWVMW7AjKZ1Cr./KK8KZNeq', '1945-03-28', 'Gyr, Akc utca 62.', '068023854', 'vereszalan@medmail.hu'),
(21, 'Szke Arnold', 'AB-', 'ferfi', '562648138', '$2b$10$juGduZi.0GMXBIE0iteUZONQpa7k/bQWVMW7AjKZ1Cr./KK8KZNeq', '2011-01-14', 'Szkesfehrvr, Somli utca 31.', '061296704', 'szokearnold@medmail.hu'),
(22, 'Dek Vilmos', 'B+', 'ferfi', '810938303', '$2b$10$juGduZi.0GMXBIE0iteUZONQpa7k/bQWVMW7AjKZ1Cr./KK8KZNeq', '1932-02-13', 'Budapest, Hal utca 24.', '068699130', 'deakvilmos@medmail.hu'),
(23, 'Gulys Olivr', 'B+', 'ferfi', '768709666', '$2b$10$juGduZi.0GMXBIE0iteUZONQpa7k/bQWVMW7AjKZ1Cr./KK8KZNeq', '1992-05-19', 'Szkesfehrvr, Asztal utca 80.', '063646489', 'gulyasoliver@medmail.hu'),
(24, 'Orosz Gerg', 'AB+', 'ferfi', '214564397', '$2b$10$juGduZi.0GMXBIE0iteUZONQpa7k/bQWVMW7AjKZ1Cr./KK8KZNeq', '1939-11-20', 'Gyr, Cpa utca 188.', '062095643', 'oroszgergo@medmail.hu'),
(25, 'Szilgyi Mri', 'A+', 'ferfi', '841661116', '$2b$10$juGduZi.0GMXBIE0iteUZONQpa7k/bQWVMW7AjKZ1Cr./KK8KZNeq', '2004-02-15', 'Pcs, szak utca 62.', '066954911', 'szilagyimario@medmail.hu'),
(26, 'Szalai Istvn', 'A+', 'ferfi', '990394746', '$2b$10$juGduZi.0GMXBIE0iteUZONQpa7k/bQWVMW7AjKZ1Cr./KK8KZNeq', '2002-07-30', 'Szeged, Kard utca 146.', '063222471', 'szalaiistvan@medmail.hu'),
(27, 'Pl Pter', 'AB+', 'ferfi', '982128593', '$2b$10$juGduZi.0GMXBIE0iteUZONQpa7k/bQWVMW7AjKZ1Cr./KK8KZNeq', '1951-01-27', 'Szeged, g utca 55.', '061266909', 'palpeter@medmail.hu'),
(28, 'Csatr Flrin', 'AB-', 'ferfi', '757529779', '$2b$10$juGduZi.0GMXBIE0iteUZONQpa7k/bQWVMW7AjKZ1Cr./KK8KZNeq', '1993-01-23', 'Szkesfehrvr, Kard utca 21.', '061046921', 'csatarflorian@medmail.hu'),
(29, 'Szkely Albert', 'A+', 'ferfi', '275782642', '$2b$10$juGduZi.0GMXBIE0iteUZONQpa7k/bQWVMW7AjKZ1Cr./KK8KZNeq', '0000-00-00', 'Nagykrs, Hegeszt utca 195.', '067787248', 'szekelyalbert@medmail.hu'),
(30, 'Nemes Gyrgy', '0-', 'ferfi', '230306186', '$2b$10$juGduZi.0GMXBIE0iteUZONQpa7k/bQWVMW7AjKZ1Cr./KK8KZNeq', '1962-07-07', 'Kecskemt, Stefnia utca 102.', '062740320', 'nemesgyorgy@medmail.hu'),
(31, 'Gulys Gza', 'A-', 'ferfi', '892791896', '$2b$10$juGduZi.0GMXBIE0iteUZONQpa7k/bQWVMW7AjKZ1Cr./KK8KZNeq', '1994-03-02', 'Gyr, Stefnia utca 44.', '066535994', 'gulyasgeza@medmail.hu'),
(32, 'Virg Klmn', 'AB+', 'ferfi', '472698458', '$2b$10$juGduZi.0GMXBIE0iteUZONQpa7k/bQWVMW7AjKZ1Cr./KK8KZNeq', '1978-01-11', 'Miskolc, Tske utca 102.', '062079938', 'viragkalman@medmail.hu'),
(33, 'Bakos Vince', 'AB-', 'ferfi', '970902158', '$2b$10$juGduZi.0GMXBIE0iteUZONQpa7k/bQWVMW7AjKZ1Cr./KK8KZNeq', '1987-06-23', 'Miskolc, Hatty utca 157.', '062982610', 'bakosvince@medmail.hu'),
(34, 'Varga Albert', '0+', 'ferfi', '400782693', '$2b$10$juGduZi.0GMXBIE0iteUZONQpa7k/bQWVMW7AjKZ1Cr./KK8KZNeq', '1945-07-17', 'Miskolc, Asztal utca 156.', '066652253', 'vargaalbert@medmail.hu'),
(35, 'Spos Mri', '0+', 'ferfi', '475977365', '$2b$10$juGduZi.0GMXBIE0iteUZONQpa7k/bQWVMW7AjKZ1Cr./KK8KZNeq', '1954-10-05', 'Szentendre, Cpa utca 36.', '068485280', 'siposmario@medmail.hu'),
(36, 'Rcz Mihly', 'A+', 'ferfi', '295601149', '$2b$10$juGduZi.0GMXBIE0iteUZONQpa7k/bQWVMW7AjKZ1Cr./KK8KZNeq', '1985-09-24', 'Nagykrs, Vg utca 180.', '068421793', 'raczmihaly@medmail.hu'),
(37, 'Psztor Bence', 'B-', 'ferfi', '346697424', '$2b$10$juGduZi.0GMXBIE0iteUZONQpa7k/bQWVMW7AjKZ1Cr./KK8KZNeq', '1936-04-30', 'Budapest, g utca 95.', '064398121', 'pasztorbence@medmail.hu'),
(38, 'Egyed Mrk', 'AB+', 'ferfi', '485609493', '$2b$10$juGduZi.0GMXBIE0iteUZONQpa7k/bQWVMW7AjKZ1Cr./KK8KZNeq', '1950-03-28', 'Pcs, Hatty utca 149.', '068096945', 'egyedmarko@medmail.hu'),
(39, 'Pl Rent', '0-', 'ferfi', '642926497', '$2b$10$juGduZi.0GMXBIE0iteUZONQpa7k/bQWVMW7AjKZ1Cr./KK8KZNeq', '2006-11-16', 'Szeged, Vg utca 20.', '064315387', 'palrenato@medmail.hu'),
(40, 'Jakab Botond', '0-', 'ferfi', '264817671', '$2b$10$juGduZi.0GMXBIE0iteUZONQpa7k/bQWVMW7AjKZ1Cr./KK8KZNeq', '1975-05-26', 'Nagykrs, Akc utca 22.', '062320085', 'jakabbotond@medmail.hu'),
(41, 'Vass Bence', 'B+', 'ferfi', '856287249', '$2b$10$juGduZi.0GMXBIE0iteUZONQpa7k/bQWVMW7AjKZ1Cr./KK8KZNeq', '1984-12-01', 'Szkesfehrvr, Hatty utca 193.', '061960831', 'vassbence@medmail.hu'),
(42, 'Nmeth Benjmin', 'B+', 'ferfi', '226352423', '$2b$10$juGduZi.0GMXBIE0iteUZONQpa7k/bQWVMW7AjKZ1Cr./KK8KZNeq', '1953-12-27', 'Gyr, Tske utca 124.', '062871730', 'nemethbenjamin@medmail.hu'),
(43, 'Papp Kevin', 'B-', 'ferfi', '960846811', '$2b$10$juGduZi.0GMXBIE0iteUZONQpa7k/bQWVMW7AjKZ1Cr./KK8KZNeq', '1935-01-30', 'Debrecen, Dohny utca 109.', '068470604', 'pappkevin@medmail.hu'),
(44, 'Psztor Albert', 'B+', 'ferfi', '550533665', '$2b$10$juGduZi.0GMXBIE0iteUZONQpa7k/bQWVMW7AjKZ1Cr./KK8KZNeq', '1994-08-12', 'Nyregyhza, Hegeszt utca 30.', '066718030', 'pasztoralbert@medmail.hu'),
(45, 'Bir Mikls', 'AB-', 'ferfi', '405908428', '$2b$10$juGduZi.0GMXBIE0iteUZONQpa7k/bQWVMW7AjKZ1Cr./KK8KZNeq', '1951-06-28', 'Miskolc, Dohny utca 108.', '066377799', 'biromiklos@medmail.hu'),
(46, 'Szekeres Gyula', 'B+', 'ferfi', '242354993', '$2b$10$juGduZi.0GMXBIE0iteUZONQpa7k/bQWVMW7AjKZ1Cr./KK8KZNeq', '2002-11-08', 'Kecskemt, Hatvan utca 16.', '065022414', 'szekeresgyula@medmail.hu'),
(47, 'Kelemen Tams', '0+', 'ferfi', '605405538', '$2b$10$juGduZi.0GMXBIE0iteUZONQpa7k/bQWVMW7AjKZ1Cr./KK8KZNeq', '1976-10-17', 'Budapest, Tske utca 43.', '067918452', 'kelementamas@medmail.hu'),
(48, 'Bodnr rmin', 'A+', 'ferfi', '879153487', '$2b$10$juGduZi.0GMXBIE0iteUZONQpa7k/bQWVMW7AjKZ1Cr./KK8KZNeq', '1995-03-31', 'Kecskemt, Hegeszt utca 151.', '064754642', 'bodnararmin@medmail.hu'),
(49, 'Pintr Viktor', 'B-', 'ferfi', '361862279', '$2b$10$juGduZi.0GMXBIE0iteUZONQpa7k/bQWVMW7AjKZ1Cr./KK8KZNeq', '1939-05-14', 'Szombathely, Akc utca 124.', '062175738', 'pinterviktor@medmail.hu'),
(50, 'Lengyel Levente', 'A+', 'ferfi', '972643972', '$2b$10$juGduZi.0GMXBIE0iteUZONQpa7k/bQWVMW7AjKZ1Cr./KK8KZNeq', '1995-10-12', 'Kecskemt, Hatty utca 91.', '064112868', 'lengyellevente@medmail.hu'),
(51, 'Gspr Renta', 'AB-', 'no', '744749849', '$2b$10$juGduZi.0GMXBIE0iteUZONQpa7k/bQWVMW7AjKZ1Cr./KK8KZNeq', '2012-03-11', 'Pcs, Tske utca 34.', '067126030', 'gasparrenata@medmail.hu'),
(52, 'Borbly Adl', '0+', 'no', '895913489', '$2b$10$juGduZi.0GMXBIE0iteUZONQpa7k/bQWVMW7AjKZ1Cr./KK8KZNeq', '1965-05-21', 'Budapest, Hegyes utca 36.', '069017418', 'borbelyadel@medmail.hu'),
(53, 'Simon Lili', 'AB-', 'no', '847656279', '$2b$10$juGduZi.0GMXBIE0iteUZONQpa7k/bQWVMW7AjKZ1Cr./KK8KZNeq', '2011-11-09', 'Szkesfehrvr, Mogyor utca 28.', '067215709', 'simonlili@medmail.hu'),
(54, 'Kis Vanda', 'B-', 'no', '630943849', '$2b$10$juGduZi.0GMXBIE0iteUZONQpa7k/bQWVMW7AjKZ1Cr./KK8KZNeq', '1974-12-27', 'Szentendre, Somli utca 14.', '066849416', 'kisvanda@medmail.hu'),
(55, 'Barna Bianka', '0+', 'no', '313254686', '$2b$10$juGduZi.0GMXBIE0iteUZONQpa7k/bQWVMW7AjKZ1Cr./KK8KZNeq', '1940-02-02', 'Nagykrs, Sta utca 153.', '067596079', 'barnabianka@medmail.hu'),
(56, 'Blint Beatrix', 'A-', 'no', '868887290', '$2b$10$juGduZi.0GMXBIE0iteUZONQpa7k/bQWVMW7AjKZ1Cr./KK8KZNeq', '2005-06-07', 'Miskolc, Akc utca 4.', '061783638', 'balintbeatrix@medmail.hu'),
(57, 'Barta Krisztina', 'AB+', 'no', '380867659', '$2b$10$juGduZi.0GMXBIE0iteUZONQpa7k/bQWVMW7AjKZ1Cr./KK8KZNeq', '1980-08-27', 'Debrecen, Somli utca 16.', '064598816', 'bartakrisztina@medmail.hu'),
(58, 'Kovcs Brigitta', 'A-', 'no', '139794564', '$2b$10$juGduZi.0GMXBIE0iteUZONQpa7k/bQWVMW7AjKZ1Cr./KK8KZNeq', '1996-09-19', 'Szombathely, Somli utca 13.', '063591052', 'kovacsbrigitta@medmail.hu'),
(59, 'Vrs Georgina', 'B-', 'no', '738333595', '$2b$10$juGduZi.0GMXBIE0iteUZONQpa7k/bQWVMW7AjKZ1Cr./KK8KZNeq', '2010-12-24', 'Miskolc, Cpa utca 8.', '064244832', 'vorosgeorgina@medmail.hu'),
(60, 'Farkas Elizabet', '0+', 'no', '883214138', '$2b$10$juGduZi.0GMXBIE0iteUZONQpa7k/bQWVMW7AjKZ1Cr./KK8KZNeq', '2003-04-09', 'Debrecen, g utca 141.', '063632666', 'farkaselizabet@medmail.hu'),
(61, 'Szcs Kata', 'A+', 'no', '770201334', '$2b$10$juGduZi.0GMXBIE0iteUZONQpa7k/bQWVMW7AjKZ1Cr./KK8KZNeq', '1963-03-31', 'Miskolc, Zebra utca 199.', '066269507', 'szucskata@medmail.hu'),
(62, 'Borbly gnes', 'AB+', 'no', '148482865', '$2b$10$juGduZi.0GMXBIE0iteUZONQpa7k/bQWVMW7AjKZ1Cr./KK8KZNeq', '1948-02-10', 'Szentendre, Hal utca 81.', '068986221', 'borbelyagnes@medmail.hu'),
(63, 'Mszros Vanda', 'AB-', 'no', '873851986', '$2b$10$juGduZi.0GMXBIE0iteUZONQpa7k/bQWVMW7AjKZ1Cr./KK8KZNeq', '2009-05-15', 'Szombathely, Tenger utca 15.', '067634243', 'meszarosvanda@medmail.hu'),
(64, 'Varga Zsanett', 'A-', 'no', '875122991', '$2b$10$juGduZi.0GMXBIE0iteUZONQpa7k/bQWVMW7AjKZ1Cr./KK8KZNeq', '1969-04-26', 'Szeged, Hegyes utca 93.', '061545362', 'vargazsanett@medmail.hu'),
(65, 'Olh Mria', '0+', 'no', '347106145', '$2b$10$juGduZi.0GMXBIE0iteUZONQpa7k/bQWVMW7AjKZ1Cr./KK8KZNeq', '2003-03-07', 'Szkesfehrvr, Vg utca 23.', '063716499', 'olahmaria@medmail.hu'),
(66, 'Juhsz Eszter', 'A-', 'no', '332653769', '$2b$10$juGduZi.0GMXBIE0iteUZONQpa7k/bQWVMW7AjKZ1Cr./KK8KZNeq', '1987-04-04', 'Miskolc, Mogyor utca 82.', '062214822', 'juhaszeszter@medmail.hu'),
(67, 'Major Orsolya', '0+', 'no', '311172972', '$2b$10$juGduZi.0GMXBIE0iteUZONQpa7k/bQWVMW7AjKZ1Cr./KK8KZNeq', '1986-12-01', 'Gyr, Hangr utca 185.', '064036528', 'majororsolya@medmail.hu'),
(68, 'Bognr Regina', '0-', 'no', '172939102', '$2b$10$juGduZi.0GMXBIE0iteUZONQpa7k/bQWVMW7AjKZ1Cr./KK8KZNeq', '2008-01-21', 'Debrecen, Dohny utca 98.', '066328837', 'bognarregina@medmail.hu'),
(69, 'Takcs Kinga', '0+', 'no', '434674501', '$2b$10$juGduZi.0GMXBIE0iteUZONQpa7k/bQWVMW7AjKZ1Cr./KK8KZNeq', '1940-04-11', 'Szentendre, Akc utca 59.', '067250303', 'takacskinga@medmail.hu'),
(70, 'Nmeth Dorina', 'AB-', 'no', '981633176', '$2b$10$juGduZi.0GMXBIE0iteUZONQpa7k/bQWVMW7AjKZ1Cr./KK8KZNeq', '2002-07-05', 'Miskolc, Hal utca 53.', '068060550', 'nemethdorina@medmail.hu'),
(71, 'Vass Dorottya', 'B-', 'no', '726526114', '$2b$10$juGduZi.0GMXBIE0iteUZONQpa7k/bQWVMW7AjKZ1Cr./KK8KZNeq', '1970-02-02', 'Pcs, Tske utca 148.', '061662513', 'vassdorottya@medmail.hu'),
(72, 'Rcz Edina', 'AB-', 'no', '433522768', '$2b$10$juGduZi.0GMXBIE0iteUZONQpa7k/bQWVMW7AjKZ1Cr./KK8KZNeq', '1983-12-24', 'Szombathely, szak utca 167.', '068552072', 'raczedina@medmail.hu'),
(73, 'Trk Zsuzsanna', 'B-', 'no', '868620183', '$2b$10$juGduZi.0GMXBIE0iteUZONQpa7k/bQWVMW7AjKZ1Cr./KK8KZNeq', '1944-01-12', 'Miskolc, Hal utca 152.', '061862160', 'torokzsuzsanna@medmail.hu'),
(74, 'Kapolcs Bettina', 'B-', 'no', '533765705', '$2b$10$juGduZi.0GMXBIE0iteUZONQpa7k/bQWVMW7AjKZ1Cr./KK8KZNeq', '1939-06-16', 'Szeged, Mogyor utca 122.', '062230105', 'kapolcsbettina@medmail.hu'),
(75, 'Simon Andrea', 'A-', 'no', '963233360', '$2b$10$juGduZi.0GMXBIE0iteUZONQpa7k/bQWVMW7AjKZ1Cr./KK8KZNeq', '2012-03-24', 'Gyr, Tenger utca 184.', '061840506', 'simonandrea@medmail.hu'),
(76, 'Pap Orsolya', '0+', 'no', '284221928', '$2b$10$juGduZi.0GMXBIE0iteUZONQpa7k/bQWVMW7AjKZ1Cr./KK8KZNeq', '2011-04-10', 'Debrecen, szak utca 180.', '066013090', 'paporsolya@medmail.hu'),
(77, 'Dobos Dorina', 'AB+', 'no', '602394232', '$2b$10$juGduZi.0GMXBIE0iteUZONQpa7k/bQWVMW7AjKZ1Cr./KK8KZNeq', '1959-12-14', 'Debrecen, Cpa utca 55.', '061740513', 'dobosdorina@medmail.hu'),
(78, 'Varga Annamria', '0+', 'no', '493521512', '$2b$10$juGduZi.0GMXBIE0iteUZONQpa7k/bQWVMW7AjKZ1Cr./KK8KZNeq', '1991-04-20', 'Szentendre, Hatvan utca 120.', '068443497', 'vargaannamaria@medmail.hu'),
(79, 'Mezei Viktria', 'B+', 'no', '666459607', '$2b$10$juGduZi.0GMXBIE0iteUZONQpa7k/bQWVMW7AjKZ1Cr./KK8KZNeq', '1989-11-03', 'Miskolc, Mogyor utca 121.', '063287840', 'mezeiviktoria@medmail.hu'),
(80, 'Farag Borbla', '0+', 'no', '168701700', '$2b$10$juGduZi.0GMXBIE0iteUZONQpa7k/bQWVMW7AjKZ1Cr./KK8KZNeq', '2009-09-21', 'Szeged, Cpa utca 127.', '065253155', 'faragoborbala@medmail.hu'),
(81, 'Szilgyi Beatrix', 'B-', 'no', '914165502', '$2b$10$juGduZi.0GMXBIE0iteUZONQpa7k/bQWVMW7AjKZ1Cr./KK8KZNeq', '1983-10-13', 'Szkesfehrvr, Dohny utca 145.', '064695182', 'szilagyibeatrix@medmail.hu'),
(82, 'Tams gnes', 'AB-', 'no', '115647308', '$2b$10$juGduZi.0GMXBIE0iteUZONQpa7k/bQWVMW7AjKZ1Cr./KK8KZNeq', '1995-08-08', 'Debrecen, Hegyes utca 178.', '061828363', 'tamasagnes@medmail.hu'),
(83, 'Budai Kitti', 'B+', 'no', '805384675', '$2b$10$juGduZi.0GMXBIE0iteUZONQpa7k/bQWVMW7AjKZ1Cr./KK8KZNeq', '1975-03-14', 'Szombathely, Cpa utca 134.', '068557033', 'budaikitti@medmail.hu'),
(84, 'Fodor Melinda', 'A+', 'no', '856552437', '$2b$10$juGduZi.0GMXBIE0iteUZONQpa7k/bQWVMW7AjKZ1Cr./KK8KZNeq', '1990-05-31', 'Kecskemt, Hal utca 25.', '068962959', 'fodormelinda@medmail.hu'),
(85, 'Szab Petra', 'B+', 'no', '628681864', '$2b$10$juGduZi.0GMXBIE0iteUZONQpa7k/bQWVMW7AjKZ1Cr./KK8KZNeq', '1955-11-07', 'Szombathely, Hegyes utca 118.', '068149583', 'szabopetra@medmail.hu'),
(86, 'Katona Lilina', 'A-', 'no', '665872862', '$2b$10$juGduZi.0GMXBIE0iteUZONQpa7k/bQWVMW7AjKZ1Cr./KK8KZNeq', '1940-04-14', 'Nyregyhza, Hatvan utca 19.', '061749296', 'katonaliliana@medmail.hu'),
(87, 'Novk Szimonetta', 'A-', 'no', '243967773', '$2b$10$juGduZi.0GMXBIE0iteUZONQpa7k/bQWVMW7AjKZ1Cr./KK8KZNeq', '1983-07-27', 'Szentendre, Hangr utca 196.', '067577024', 'novakszimonetta@medmail.hu'),
(88, 'Mezei Flra', 'A-', 'no', '450273100', '$2b$10$juGduZi.0GMXBIE0iteUZONQpa7k/bQWVMW7AjKZ1Cr./KK8KZNeq', '1965-06-28', 'Debrecen, Hatty utca 197.', '063066190', 'mezeiflora@medmail.hu'),
(89, 'Dek Klaudia', '0-', 'no', '857761458', '$2b$10$juGduZi.0GMXBIE0iteUZONQpa7k/bQWVMW7AjKZ1Cr./KK8KZNeq', '2004-03-27', 'Szombathely, Hatty utca 20.', '065467597', 'deakklaudia@medmail.hu'),
(90, 'Szekeres Dorottya', 'A-', 'no', '135844638', '$2b$10$juGduZi.0GMXBIE0iteUZONQpa7k/bQWVMW7AjKZ1Cr./KK8KZNeq', '2000-11-03', 'Szkesfehrvr, Hegeszt utca 6.', '068526354', 'szekeresdorottya@medmail.hu'),
(91, 'Fekete Panna', 'A+', 'no', '874932121', '$2b$10$juGduZi.0GMXBIE0iteUZONQpa7k/bQWVMW7AjKZ1Cr./KK8KZNeq', '1984-07-10', 'Miskolc, Mogyor utca 73.', '063666048', 'feketepanna@medmail.hu'),
(92, 'Vradi Barbara', 'AB+', 'no', '501882107', '$2b$10$juGduZi.0GMXBIE0iteUZONQpa7k/bQWVMW7AjKZ1Cr./KK8KZNeq', '2008-04-25', 'Szentendre, Tenger utca 178.', '063556212', 'varadibarbara@medmail.hu'),
(93, 'Pataki Henrietta', 'B+', 'no', '816523176', '$2b$10$juGduZi.0GMXBIE0iteUZONQpa7k/bQWVMW7AjKZ1Cr./KK8KZNeq', '1989-01-13', 'Kecskemt, Zebra utca 95.', '061079195', 'patakihenrietta@medmail.hu'),
(94, 'Csonka Brigitta', 'A+', 'no', '192947314', '$2b$10$juGduZi.0GMXBIE0iteUZONQpa7k/bQWVMW7AjKZ1Cr./KK8KZNeq', '1981-06-02', 'Pcs, Mogyor utca 162.', '067269155', 'csonkabrigitta@medmail.hu'),
(95, 'Sos Dra', 'AB+', 'no', '426326757', '$2b$10$juGduZi.0GMXBIE0iteUZONQpa7k/bQWVMW7AjKZ1Cr./KK8KZNeq', '1968-02-19', 'Szentendre, Asztal utca 144.', '068889861', 'soosdora@medmail.hu'),
(96, 'Szkely Blanka', 'AB-', 'no', '568107352', '$2b$10$juGduZi.0GMXBIE0iteUZONQpa7k/bQWVMW7AjKZ1Cr./KK8KZNeq', '1985-08-23', 'Gyr, Somli utca 156.', '065166365', 'szekelyblanka@medmail.hu'),
(97, 'Kovcs Nomi', 'A-', 'no', '467872897', '$2b$10$juGduZi.0GMXBIE0iteUZONQpa7k/bQWVMW7AjKZ1Cr./KK8KZNeq', '1943-06-28', 'Kecskemt, Vg utca 18.', '064650198', 'kovacsnoemi@medmail.hu'),
(98, 'Nmeth Nra', '0+', 'no', '980702596', '$2b$10$juGduZi.0GMXBIE0iteUZONQpa7k/bQWVMW7AjKZ1Cr./KK8KZNeq', '1984-08-12', 'Szombathely, Sta utca 172.', '065814119', 'nemethnora@medmail.hu'),
(99, 'Balog Bettina', 'A+', 'no', '111515891', '$2b$10$juGduZi.0GMXBIE0iteUZONQpa7k/bQWVMW7AjKZ1Cr./KK8KZNeq', '1976-07-11', 'Miskolc, Hegyes utca 152.', '061030346', 'balogbettina@medmail.hu'),
(100, 'Vrs Renta', 'B-', 'no', '615630362', '$2b$10$juGduZi.0GMXBIE0iteUZONQpa7k/bQWVMW7AjKZ1Cr./KK8KZNeq', '2008-04-22', 'Szkesfehrvr, szak utca 73.', '067320156', 'vorosrenata@medmail.hu'),
(101, 'Olh Jnos Gergely', '0+', 'ferfi', '123', '$2b$10$wBJonrmTggzTjwWIXHKEkeYOo0fUk35RSAV.Pra5mLacini6rmot2', '2000-02-25', 'Szentendre', '06202933866', 'olah.janos.gergely@gmail.com');

--
-- Indexes for dumped tables
--

--
-- Indexes for table `appointments`
--
ALTER TABLE `appointments`
  ADD PRIMARY KEY (`appointment_id`),
  ADD KEY `appointment_taken_by_id` (`appointment_taken_by_id`),
  ADD KEY `appointment_taken_from_id` (`appointment_taken_from_id`);

--
-- Indexes for table `blood_tests_taken`
--
ALTER TABLE `blood_tests_taken`
  ADD PRIMARY KEY (`blood_tests_taken_id`),
  ADD KEY `blood_tests_component_id` (`blood_tests_component_id`),
  ADD KEY `blood_tests_taken_from_id` (`blood_tests_taken_from_id`),
  ADD KEY `blood_test_taken_by_id` (`blood_tests_taken_by_id`);

--
-- Indexes for table `blood_test_components`
--
ALTER TABLE `blood_test_components`
  ADD PRIMARY KEY (`blood_test_component_id`);

--
-- Indexes for table `doctors`
--
ALTER TABLE `doctors`
  ADD PRIMARY KEY (`doctor_id`);

--
-- Indexes for table `medications`
--
ALTER TABLE `medications`
  ADD PRIMARY KEY (`medication_id`),
  ADD KEY `medication_taken_by_id` (`medication_taken_by_id`),
  ADD KEY `medication_taken_from_id` (`medication_taken_from_id`);

--
-- Indexes for table `patients`
--
ALTER TABLE `patients`
  ADD PRIMARY KEY (`patient_id`),
  ADD KEY `blood_type_id` (`patient_blood_type`);

--
-- AUTO_INCREMENT for dumped tables
--

--
-- AUTO_INCREMENT for table `appointments`
--
ALTER TABLE `appointments`
  MODIFY `appointment_id` int(11) NOT NULL AUTO_INCREMENT;

--
-- AUTO_INCREMENT for table `blood_tests_taken`
--
ALTER TABLE `blood_tests_taken`
  MODIFY `blood_tests_taken_id` int(11) NOT NULL AUTO_INCREMENT, AUTO_INCREMENT=2426;

--
-- AUTO_INCREMENT for table `blood_test_components`
--
ALTER TABLE `blood_test_components`
  MODIFY `blood_test_component_id` int(11) NOT NULL AUTO_INCREMENT, AUTO_INCREMENT=25;

--
-- AUTO_INCREMENT for table `doctors`
--
ALTER TABLE `doctors`
  MODIFY `doctor_id` int(11) NOT NULL AUTO_INCREMENT, AUTO_INCREMENT=2;

--
-- AUTO_INCREMENT for table `medications`
--
ALTER TABLE `medications`
  MODIFY `medication_id` int(11) NOT NULL AUTO_INCREMENT;

--
-- AUTO_INCREMENT for table `patients`
--
ALTER TABLE `patients`
  MODIFY `patient_id` int(11) NOT NULL AUTO_INCREMENT, AUTO_INCREMENT=102;

--
-- Constraints for dumped tables
--

--
-- Constraints for table `appointments`
--
ALTER TABLE `appointments`
  ADD CONSTRAINT `appointments_ibfk_1` FOREIGN KEY (`appointment_taken_by_id`) REFERENCES `patients` (`patient_id`),
  ADD CONSTRAINT `appointments_ibfk_2` FOREIGN KEY (`appointment_taken_from_id`) REFERENCES `doctors` (`doctor_id`);

--
-- Constraints for table `blood_tests_taken`
--
ALTER TABLE `blood_tests_taken`
  ADD CONSTRAINT `blood_tests_taken_ibfk_1` FOREIGN KEY (`blood_tests_component_id`) REFERENCES `blood_test_components` (`blood_test_component_id`),
  ADD CONSTRAINT `blood_tests_taken_ibfk_2` FOREIGN KEY (`blood_tests_taken_from_id`) REFERENCES `patients` (`patient_id`),
  ADD CONSTRAINT `blood_tests_taken_ibfk_3` FOREIGN KEY (`blood_tests_taken_by_id`) REFERENCES `doctors` (`doctor_id`);

--
-- Constraints for table `medications`
--
ALTER TABLE `medications`
  ADD CONSTRAINT `medications_ibfk_1` FOREIGN KEY (`medication_taken_by_id`) REFERENCES `patients` (`patient_id`),
  ADD CONSTRAINT `medications_ibfk_2` FOREIGN KEY (`medication_taken_from_id`) REFERENCES `doctors` (`doctor_id`);
COMMIT;

/*!40101 SET CHARACTER_SET_CLIENT=@OLD_CHARACTER_SET_CLIENT */;
/*!40101 SET CHARACTER_SET_RESULTS=@OLD_CHARACTER_SET_RESULTS */;
/*!40101 SET COLLATION_CONNECTION=@OLD_COLLATION_CONNECTION */;
